DNS_QUERY_TIMES,WHOIS_UPDATED_DATE - WHOIS_REGDATE,NUMBER_SPECIAL_CHARACTERS / URL_LENGTH,REMOTE_APP_PACKETS / SOURCE_APP_PACKETS,REMOTE_IPS / DIST_REMOTE_TCP_PORT,Type
6.0,180600.0,0.1794871794871795,0.96875,0.14285714285714285,0
0.0,168144.0,0.18518518518518517,0.0,0.0,0
0.0,120.0,0.18181818181818182,0.0,0.0,0
0.0,71016.0,0.1875,0.0,0.0,0
2.0,10.0,0.2962962962962963,0.9333333333333333,2.0,1
0.0,18624.0,0.1794871794871795,1.0,1.0,0
0.0,69768.0,0.192,2.0,0.0,1
0.0,131182.04416666666,0.25,0.8,0.5,0
6.0,194928.0,0.16129032258064516,0.8888888888888888,3.0,0
0.0,168696.0,0.15584415584415584,0.0,0.0,0
0.0,111696.0,0.2,0.0,0.0,0
0.0,185232.0,0.1568627450980392,0.5,1.0,0
4.0,97368.0,0.1836734693877551,0.9666666666666667,1.6,0
2.0,118608.0,0.22727272727272727,0.8181818181818182,1.0,1
0.0,180600.0,0.20588235294117646,0.0,0.0,0
0.0,87672.0,0.2,1.25,0.25,0
8.0,130714.06666666667,0.21052631578947367,1.0588235294117647,0.75,0
0.0,120648.0,0.17073170731707318,0.0,0.0,0
6.0,10.0,0.171875,0.5675675675675675,0.5151515151515151,0
0.0,180600.0,0.15714285714285714,0.0,0.0,0
6.0,173904.0,0.17142857142857143,1.03125,0.09523809523809523,0
6.0,88920.0,0.1864406779661017,0.8518518518518519,0.4,0
8.0,10.0,0.1935483870967742,0.9285714285714286,0.5454545454545454,0
6.0,115632.0,0.2127659574468085,0.9310344827586207,0.05263157894736842,0
0.0,157776.0,0.17857142857142858,0.0,0.0,0
0.0,104424.0,0.225,1.1,0.6666666666666666,0
0.0,10.0,0.22,2.0,0.0,0
0.0,121944.0,0.15254237288135594,0.0,0.0,0
0.0,192384.0,0.2191780821917808,0.0,0.0,0
4.0,103632.0,0.24,0.9411764705882353,0.1111111111111111,1
2.0,86952.0,0.2,1.15625,3.5,1
0.0,139896.0,0.18309859154929578,0.0,0.0,0
6.0,10.0,0.18309859154929578,0.825,0.6666666666666666,0
4.0,183624.0,0.16853932584269662,1.04,2.6666666666666665,0
0.0,77448.0,0.18518518518518517,1.0,1.1666666666666667,0
4.0,109344.0,0.15254237288135594,0.85,0.2727272727272727,0
0.0,124944.0,0.21052631578947367,0.0,0.0,0
0.0,61128.0,0.14705882352941177,1.2857142857142858,1.0,0
0.0,187896.0,0.18333333333333332,0.0,0.0,0
6.0,1272.0,0.14285714285714285,0.8666666666666667,2.0,0
0.0,100608.0,0.1728395061728395,1.1666666666666667,0.4,0
0.0,174528.0,0.20481927710843373,1.0,0.4,0
6.0,112296.0,0.16279069767441862,0.9482758620689655,0.5833333333333334,0
0.0,73272.0,0.18181818181818182,1.0,1.0,0
6.0,115704.0,0.1746031746031746,0.9487179487179487,1.2222222222222223,0
4.0,60041.9,0.19607843137254902,1.1111111111111112,0.2222222222222222,0
0.0,138936.0,0.18,1.0,0.25,0
0.0,130714.06666666667,0.1896551724137931,0.0,0.0,0
0.0,71952.0,0.15789473684210525,0.0,0.0,0
0.0,96432.0,0.21951219512195122,0.0,0.0,0
0.0,163848.0,0.14468085106382977,0.0,0.0,0
0.0,69768.0,0.19117647058823528,3.0,0.0,1
0.0,119952.0,0.17391304347826086,0.0,0.0,0
0.0,104424.0,0.2,0.42857142857142855,1.0,0
0.0,69768.0,0.20300751879699247,2.0,0.5,1
0.0,170880.0,0.1864406779661017,0.0,0.0,0
0.0,110568.0,0.14814814814814814,0.0,0.0,0
4.0,46296.0,0.3235294117647059,0.8461538461538461,2.0,1
0.0,69768.0,0.20161290322580644,2.0,0.0,1
0.0,177288.0,0.15625,1.0,0.25,0
4.0,177288.0,0.15384615384615385,0.9354838709677419,0.7142857142857143,0
4.0,87072.0,0.13513513513513514,1.0,0.6,0
0.0,134640.0,0.1875,0.0,0.0,0
4.0,192384.0,0.28,0.9473684210526315,0.8571428571428571,0
0.0,130714.06666666667,0.2391304347826087,0.0,0.0,0
0.0,69768.0,0.19540229885057472,2.5,0.5,1
4.0,69840.0,0.25,0.9259259259259259,0.7777777777777778,0
4.0,163056.0,0.24,1.0,3.75,0
6.0,10.0,0.2413793103448276,1.2,0.14814814814814814,0
0.0,139560.0,0.25,0.0,0.0,0
0.0,64272.0,0.21428571428571427,1.25,0.25,0
0.0,10.0,0.15625,1.0,0.5,0
8.0,157680.0,0.18181818181818182,0.9736842105263158,0.75,0
4.0,0.0,0.18571428571428572,0.8,4.0,1
0.0,130714.06666666667,0.20454545454545456,0.8,1.0,0
2.0,91296.0,0.21428571428571427,1.0363636363636364,1.0,1
4.0,188463.51666666666,0.17857142857142858,1.1111111111111112,1.25,0
2.0,182688.0,0.20408163265306123,1.05,1.6666666666666667,1
8.0,180600.0,0.21739130434782608,0.9272727272727272,0.34782608695652173,0
0.0,141744.0,0.22448979591836735,0.0,0.0,0
4.0,66192.0,0.25,1.0416666666666667,0.4,0
8.0,130714.06666666667,0.21568627450980393,0.9767441860465116,0.34615384615384615,0
0.0,139896.0,0.21568627450980393,0.0,0.0,0
8.0,10.0,0.2682926829268293,0.8333333333333334,2.5,1
6.0,174528.0,0.20512820512820512,0.8,0.875,0
0.0,123912.0,0.2,0.0,0.0,0
0.0,113856.0,0.225,1.3333333333333333,1.2,0
0.0,88920.0,0.19047619047619047,0.0,0.0,0
0.0,49776.0,0.20689655172413793,0.8,0.2,0
0.0,8808.0,0.24,0.5714285714285714,0.5,0
0.0,103632.0,0.23076923076923078,0.0,0.0,0
4.0,73440.0,0.18840579710144928,1.0,2.0,0
4.0,166512.0,0.1590909090909091,0.9090909090909091,1.4285714285714286,0
0.0,165672.0,0.18181818181818182,1.0,0.5,0
6.0,113976.0,0.1511627906976744,0.9090909090909091,8.0,1
0.0,180600.0,0.20754716981132076,0.0,0.0,0
0.0,130714.06666666667,0.17857142857142858,0.0,0.0,0
2.0,148824.0,0.16666666666666666,1.0,2.0,0
4.0,96456.0,0.21951219512195122,1.0769230769230769,2.0,0
12.0,104424.0,0.2,0.9746835443037974,0.12280701754385964,0
0.0,78816.0,0.18181818181818182,0.0,0.0,0
14.0,172440.0,0.1935483870967742,0.8961038961038961,0.22641509433962265,0
0.0,172440.0,0.21052631578947367,1.0,0.6666666666666666,0
0.0,106272.0,0.2222222222222222,0.0,0.0,0
4.0,68904.0,0.32,0.9583333333333334,1.3333333333333333,0
0.0,191448.0,0.26666666666666666,0.0,0.0,0
0.0,148680.0,0.18309859154929578,0.0,0.0,0
0.0,69768.0,0.1780821917808219,2.0,0.0,1
2.0,18576.0,0.25,1.0833333333333333,1.0,1
6.0,140280.0,0.23076923076923078,0.6818181818181818,2.0,1
6.0,51024.0,0.1951219512195122,1.2638036809815951,0.6666666666666666,0
0.0,192384.0,0.19444444444444445,1.0,0.25,0
0.0,173904.0,0.2,0.0,0.0,0
8.0,130714.06666666667,0.16455696202531644,0.9791666666666666,0.05555555555555555,0
12.0,172440.0,0.19148936170212766,1.0,0.03333333333333333,0
6.0,10.0,0.24390243902439024,1.0,2.0,1
8.0,133056.0,0.18032786885245902,1.0,3.0,0
0.0,10.0,0.25,0.0,0.0,0
6.0,10.0,0.3055555555555556,0.8461538461538461,2.5,1
0.0,178392.0,0.20512820512820512,0.0,0.0,0
4.0,98952.0,0.171875,0.9387755102040817,1.5,0
0.0,10.0,0.18333333333333332,0.0,0.0,0
4.0,113784.0,0.2,0.8421052631578947,3.0,0
0.0,35472.0,0.15254237288135594,0.6666666666666666,0.75,0
2.0,91296.0,0.2033898305084746,1.0,1.0,1
0.0,123480.0,0.1864406779661017,1.0,0.2,0
0.0,172440.0,0.2037037037037037,0.0,0.0,0
0.0,77832.0,0.18181818181818182,0.7142857142857143,0.5,0
2.0,10.0,0.21739130434782608,0.6129032258064516,1.6666666666666667,0
0.0,139488.0,0.2,0.0,0.0,0
4.0,106342.63333333333,0.2,1.0,1.5,0
0.0,104424.0,0.23076923076923078,0.0,0.0,0
2.0,164496.0,0.25,1.0660377358490567,3.0,0
0.0,151800.0,0.18867924528301888,1.4,0.5,0
4.0,162983.95,0.1956521739130435,0.8461538461538461,2.0,0
6.0,100608.0,0.1590909090909091,0.8333333333333334,0.375,0
8.0,130714.06666666667,0.2,0.8913043478260869,0.06060606060606061,0
6.0,96408.0,0.16161616161616163,1.0344827586206897,0.8181818181818182,0
6.0,78888.0,0.17647058823529413,0.7931034482758621,2.4,0
6.0,130714.06666666667,0.21311475409836064,0.9777777777777777,0.09090909090909091,0
0.0,73440.0,0.20689655172413793,0.0,0.0,0
2.0,26256.0,0.3181818181818182,1.0,2.0,1
8.0,169512.0,0.20212765957446807,0.9,0.20689655172413793,0
4.0,120840.0,0.22580645161290322,0.9285714285714286,5.0,0
4.0,33720.0,0.17647058823529413,1.0344827586206897,2.0,0
0.0,87552.0,0.15463917525773196,0.0,0.0,0
0.0,187896.0,0.16666666666666666,0.8333333333333334,1.125,0
6.0,95664.0,0.21212121212121213,0.56,0.5185185185185185,0
2.0,81552.0,0.16216216216216217,1.0,1.0,0
4.0,132888.0,0.2727272727272727,0.9230769230769231,3.0,0
4.0,17544.0,0.20408163265306123,0.896551724137931,1.7142857142857142,0
4.0,144792.0,0.14634146341463414,0.9038461538461539,2.0,0
2.0,26328.0,0.16666666666666666,1.0,0.5,0
0.0,192144.0,0.1623931623931624,0.0,0.0,0
0.0,147816.0,0.19791666666666666,0.0,0.0,0
6.0,113856.0,0.23404255319148937,0.7450980392156863,0.5833333333333334,0
4.0,180696.0,0.1951219512195122,1.0952380952380953,0.8333333333333334,0
0.0,132240.0,0.1935483870967742,1.3333333333333333,0.3333333333333333,0
0.0,200832.0,0.2033898305084746,0.0,0.0,0
0.0,10.0,0.18032786885245902,0.8,1.0,0
0.0,136032.0,0.17307692307692307,0.0,0.0,0
0.0,87696.0,0.20833333333333334,0.0,0.0,0
2.0,61008.0,0.2,0.75,2.0,0
6.0,105216.0,0.16363636363636364,1.0731707317073171,1.6666666666666667,0
0.0,166536.0,0.1643835616438356,0.0,0.0,0
6.0,87288.0,0.1590909090909091,0.9615384615384616,1.75,0
0.0,70872.0,0.21212121212121213,0.0,0.0,0
4.0,10.0,0.23076923076923078,1.0,1.0,0
0.0,120816.0,0.18,0.0,0.0,0
4.0,165672.0,0.20689655172413793,1.1612903225806452,0.15,0
0.0,51960.0,0.13953488372093023,1.125,0.375,0
10.0,147264.0,0.2222222222222222,0.9259259259259259,0.075,0
0.0,60876.21666666667,0.13559322033898305,0.0,0.0,0
0.0,192816.0,0.2222222222222222,0.0,0.0,0
4.0,183336.0,0.3333333333333333,1.0,1.6666666666666667,0
4.0,60672.0,0.20833333333333334,1.0833333333333333,1.25,0
0.0,104424.0,0.2,0.8421052631578947,1.375,0
6.0,200880.0,0.18181818181818182,0.875,0.2,0
6.0,149040.0,0.2,0.95,1.5,0
10.0,169512.0,0.16666666666666666,0.9090909090909091,2.5,0
0.0,163776.0,0.2222222222222222,1.2,0.5,0
6.0,156864.0,0.21666666666666667,0.8235294117647058,3.0,0
0.0,199488.0,0.18840579710144928,0.0,0.0,0
2.0,175224.0,0.21428571428571427,1.2222222222222223,4.0,0
12.0,172440.0,0.21875,0.9142857142857143,0.2608695652173913,0
0.0,157704.0,0.18518518518518517,0.0,0.0,0
0.0,165672.0,0.14634146341463414,0.7692307692307693,1.6,0
0.0,104128.78333333334,0.19230769230769232,0.0,0.0,0
8.0,167640.0,0.1774193548387097,0.8275862068965517,2.5,0
0.0,130714.06666666667,0.20754716981132076,0.0,0.0,0
10.0,180600.0,0.23404255319148937,1.0612244897959184,0.7142857142857143,0
0.0,113856.0,0.20930232558139536,0.0,0.0,0
0.0,120816.0,0.1956521739130435,0.0,0.0,0
0.0,10.0,0.2647058823529412,1.2,4.0,1
0.0,100968.0,0.1891891891891892,0.0,0.0,0
4.0,138864.0,0.16326530612244897,1.064516129032258,0.7692307692307693,0
4.0,183984.0,0.19148936170212766,1.0909090909090908,3.0,0
0.0,191736.0,0.13333333333333333,0.2692307692307692,0.5714285714285714,0
4.0,10.0,0.1875,0.9622641509433962,1.0,0
4.0,60179.583333333336,0.23076923076923078,0.7391304347826086,1.125,0
0.0,69768.0,0.18110236220472442,2.0,0.0,1
2.0,65160.0,0.15942028985507245,1.0,1.125,0
0.0,105576.0,0.1875,0.0,0.0,0
0.0,79032.0,0.25,0.0,0.0,0
4.0,166440.0,0.21739130434782608,0.918918918918919,1.5,0
4.0,122736.0,0.1590909090909091,0.8863636363636364,0.5,0
4.0,109910.53333333334,0.16176470588235295,1.1428571428571428,0.5,0
4.0,174576.0,0.18604651162790697,0.9210526315789473,5.0,0
4.0,163152.0,0.21739130434782608,0.9166666666666666,3.0,0
0.0,166440.0,0.14814814814814814,0.0,0.0,0
0.0,69768.0,0.19852941176470587,2.0,0.0,1
4.0,10.0,0.18867924528301888,0.9629629629629629,3.0,1
0.0,165072.0,0.23076923076923078,0.0,0.0,0
2.0,73920.0,0.19791666666666666,1.4666666666666666,1.0,0
6.0,100200.0,0.22857142857142856,1.0833333333333333,1.0,0
0.0,143040.0,0.18604651162790697,0.0,0.0,0
0.0,139320.0,0.1836734693877551,1.125,0.375,0
0.0,139488.0,0.2,0.0,0.0,0
8.0,123624.0,0.16666666666666666,0.9696969696969697,0.36363636363636365,0
4.0,100992.0,0.2641509433962264,0.7894736842105263,4.0,1
0.0,130368.0,0.19298245614035087,1.1666666666666667,0.5,0
2.0,10.0,0.21568627450980393,1.240174672489083,0.8571428571428571,0
0.0,157272.0,0.17142857142857143,0.0,0.0,0
6.0,108888.0,0.2,0.9666666666666667,2.75,0
0.0,115560.0,0.18181818181818182,0.75,0.25,0
0.0,161904.0,0.18867924528301888,1.2,0.5,0
2.0,140472.0,0.1935483870967742,1.075268817204301,2.0,0
0.0,148944.0,0.15789473684210525,0.0,0.0,0
0.0,150120.0,0.21951219512195122,0.0,0.0,0
6.0,170880.0,0.18867924528301888,1.0689655172413792,0.2777777777777778,0
4.0,134064.0,0.13559322033898305,0.8571428571428571,3.0,0
0.0,96120.0,0.1836734693877551,0.0,0.0,0
8.0,130714.06666666667,0.1956521739130435,0.9464285714285714,0.09523809523809523,0
0.0,122760.45,0.16417910447761194,0.25,1.3333333333333333,0
0.0,122592.0,0.18867924528301888,0.0,0.0,0
0.0,147264.0,0.2,0.0,0.0,0
4.0,138816.0,0.18333333333333332,1.0,0.6666666666666666,0
0.0,158832.0,0.2,0.0,0.0,0
0.0,151800.0,0.1774193548387097,1.3636363636363635,1.1666666666666667,0
4.0,141744.0,0.16666666666666666,1.0,0.7777777777777778,0
6.0,10.0,0.23684210526315788,0.9210526315789473,1.5,0
0.0,130714.06666666667,0.20454545454545456,0.4,1.0,0
2.0,131712.0,0.23333333333333334,1.0,2.0,1
2.0,26352.0,0.19298245614035087,0.9,2.0,1
0.0,169512.0,0.1797752808988764,0.0,0.0,0
9.0,162408.0,0.21311475409836064,0.7878787878787878,0.38461538461538464,0
6.0,10.0,0.3055555555555556,0.7692307692307693,2.5,1
0.0,86880.0,0.1702127659574468,1.0,0.5714285714285714,0
6.0,119784.0,0.18032786885245902,1.1388888888888888,0.13043478260869565,0
0.0,183624.0,0.15789473684210525,0.0,0.0,0
6.0,57840.0,0.17777777777777778,0.9583333333333334,0.3076923076923077,0
0.0,96432.0,0.21428571428571427,0.0,0.0,0
0.0,122880.0,0.2,0.0,0.0,0
0.0,144216.0,0.31386861313868614,0.0,0.0,0
0.0,58080.0,0.2222222222222222,0.7222222222222222,0.75,0
8.0,10.0,0.3055555555555556,0.78125,2.5,1
6.0,140280.0,0.21951219512195122,0.8461538461538461,2.0,1
0.0,87649.43333333333,0.175,0.0,0.0,0
8.0,113856.0,0.2,0.8548387096774194,0.36363636363636365,0
0.0,175301.5,0.21875,1.2,0.5,0
6.0,100608.0,0.1323529411764706,0.9411764705882353,0.5,0
0.0,134640.0,0.19230769230769232,1.3333333333333333,0.5,0
0.0,69984.0,0.2571428571428571,0.8333333333333334,0.5,0
6.0,105648.0,0.1232876712328767,0.5652173913043478,4.333333333333333,0
0.0,195576.0,0.20192307692307693,0.0,0.0,0
0.0,168024.0,0.17857142857142858,0.0,0.0,0
0.0,172440.0,0.20454545454545456,0.0,0.0,0
4.0,10.0,0.19387755102040816,1.0833333333333333,1.0,0
4.0,192384.0,0.25925925925925924,0.35294117647058826,0.8461538461538461,0
0.0,10.0,0.2,0.782608695652174,0.9,0
0.0,165072.0,0.18181818181818182,1.4,0.5,0
0.0,69768.0,0.17886178861788618,2.0,0.0,1
6.0,100608.0,0.15625,0.7857142857142857,0.55,0
0.0,104112.0,0.18,0.0,0.0,0
0.0,61008.0,0.1891891891891892,0.0,0.0,0
6.0,140280.0,0.22448979591836735,0.8064516129032258,2.0,1
0.0,113976.0,0.14,1.0,0.75,0
8.0,122256.0,0.20833333333333334,0.8604651162790697,5.0,0
0.0,150120.0,0.15384615384615385,0.0,0.0,0
6.0,170880.0,0.1896551724137931,1.1538461538461537,0.1111111111111111,0
2.0,95280.0,0.18421052631578946,0.8571428571428571,3.0,0
0.0,130714.06666666667,0.20454545454545456,0.0,0.0,0
0.0,69768.0,0.18493150684931506,3.0,0.0,1
6.0,147552.0,0.21333333333333335,0.8666666666666667,1.5,0
4.0,152088.0,0.1527777777777778,0.9696969696969697,1.0,0
2.0,84720.0,0.17073170731707318,1.0,0.5714285714285714,0
4.0,183192.0,0.21568627450980393,0.9333333333333333,3.0,0
0.0,43513.7,0.2,1.1666666666666667,0.75,0
0.0,165192.0,0.25,0.0,0.0,0
2.0,91296.0,0.2641509433962264,1.0,1.0,1
8.0,173400.0,0.16666666666666666,0.7666666666666667,0.23076923076923078,0
4.0,157776.0,0.16901408450704225,1.0714285714285714,4.0,0
4.0,111720.0,0.2028985507246377,1.0,0.06666666666666667,0
0.0,78936.0,0.21428571428571427,0.0,0.0,0
8.0,10.0,0.22448979591836735,0.78125,2.0,1
0.0,139488.0,0.1794871794871795,0.0,0.0,0
0.0,187896.0,0.21153846153846154,0.0,0.0,0
6.0,111552.0,0.18181818181818182,0.53125,2.0,0
0.0,133896.0,0.23076923076923078,0.0,0.0,0
0.0,98832.0,0.175,0.0,0.0,0
0.0,113616.0,0.19718309859154928,0.0,0.0,0
6.0,61392.0,0.1780821917808219,1.0,3.0,0
0.0,172440.0,0.1935483870967742,0.0,0.0,0
0.0,179088.0,0.21428571428571427,0.0,0.0,0
4.0,179088.0,0.21951219512195122,1.0,9.0,0
4.0,10.0,0.3170731707317073,0.75,2.0,1
0.0,82200.0,0.16666666666666666,1.2307692307692308,0.75,0
0.0,144816.0,0.16483516483516483,0.0,0.0,0
4.0,10.0,0.15,0.9038461538461539,2.0,0
0.0,142488.0,0.20689655172413793,0.0,0.0,0
0.0,170880.0,0.2,0.0,0.0,0
8.0,154584.56666666668,0.13548387096774195,0.5476190476190477,0.7272727272727273,0
0.0,113832.0,0.17142857142857143,0.0,0.0,0
0.0,103128.0,0.19298245614035087,0.0,0.0,0
0.0,95664.0,0.2,0.0,0.0,0
2.0,150168.0,0.19672131147540983,0.8888888888888888,4.0,0
4.0,161280.0,0.25,1.1296296296296295,0.5454545454545454,0
0.0,87840.0,0.1527777777777778,1.0,0.3333333333333333,0
0.0,61248.0,0.1941747572815534,0.0,0.0,0
8.0,97872.0,0.20481927710843373,0.8620689655172413,0.7142857142857143,0
0.0,180600.0,0.2,0.0,0.0,0
2.0,13008.0,0.20930232558139536,0.75,3.0,0
6.0,180600.0,0.21951219512195122,0.8666666666666667,1.5,0
0.0,139488.0,0.19736842105263158,0.0,0.0,0
0.0,8808.0,0.22727272727272727,0.0,0.0,0
2.0,10.0,0.25806451612903225,0.9,2.0,1
2.0,52632.0,0.23684210526315788,0.8333333333333334,1.0,0
0.0,109752.0,0.2,1.5,1.0,0
6.0,200784.0,0.21052631578947367,0.782608695652174,3.0,0
0.0,61872.0,0.18681318681318682,0.5,0.75,0
0.0,134640.0,0.1951219512195122,1.0,0.3333333333333333,0
0.0,139488.0,0.1744186046511628,1.125,0.375,0
0.0,132576.0,0.21052631578947367,0.0,0.0,0
4.0,78192.0,0.18032786885245902,0.9473684210526315,0.2,0
0.0,127848.0,0.19298245614035087,0.0,0.0,0
4.0,151272.0,0.25,0.8888888888888888,1.0,0
0.0,165672.0,0.16666666666666666,0.0,0.0,0
6.0,10.0,0.21875,1.1128205128205129,0.34615384615384615,0
0.0,151584.0,0.16071428571428573,0.5555555555555556,0.75,0
4.0,3768.0,0.1935483870967742,0.85,2.0,0
4.0,10.0,0.1724137931034483,0.9701492537313433,3.0,0
0.0,48432.0,0.19444444444444445,0.0,0.0,0
0.0,29590.316666666666,0.2,1.2857142857142858,1.0,0
6.0,119656.91666666667,0.17543859649122806,0.72,0.14285714285714285,0
0.0,105216.0,0.23684210526315788,0.0,0.0,0
8.0,124944.0,0.17073170731707318,0.9473684210526315,0.21428571428571427,0
2.0,146952.0,0.23684210526315788,1.2916666666666667,4.0,0
0.0,61248.0,0.19791666666666666,0.8333333333333334,0.75,0
0.0,112824.0,0.17647058823529413,0.0,0.0,0
4.0,139488.0,0.18888888888888888,0.8833333333333333,2.0,0
0.0,151416.0,0.25,0.5,1.0,0
4.0,78720.0,0.17391304347826086,0.8333333333333334,2.0,0
4.0,175301.5,0.2222222222222222,1.1,0.6,0
0.0,179088.0,0.20408163265306123,0.0,0.0,0
4.0,10.0,0.28,0.5,4.0,0
0.0,173907.7,0.1702127659574468,0.0,0.0,0
0.0,142416.0,0.21818181818181817,0.0,0.0,0
0.0,98832.0,0.19047619047619047,0.0,0.0,0
4.0,98520.0,0.17346938775510204,0.9791666666666666,2.0,0
0.0,147816.0,0.1891891891891892,1.0,0.25,0
0.0,104928.0,0.20652173913043478,0.0,0.0,0
0.0,113712.0,0.23076923076923078,0.0,0.0,0
0.0,69768.0,0.19014084507042253,3.0,0.0,1
4.0,10.0,0.1527777777777778,0.8461538461538461,1.3333333333333333,0
10.0,61344.0,0.14705882352941177,1.0,0.6666666666666666,0
0.0,94464.0,0.22641509433962265,0.0,0.0,0
0.0,140276.68333333332,0.18,0.0,0.0,0
4.0,17568.0,0.208955223880597,0.9,3.5,1
2.0,142344.0,0.17073170731707318,0.6666666666666666,2.3333333333333335,0
0.0,156759.43333333332,0.22727272727272727,0.0,0.0,0
0.0,131136.0,0.2222222222222222,0.0,0.0,0
0.0,61296.0,0.23076923076923078,0.0,0.0,0
0.0,170880.0,0.17142857142857143,0.0,0.0,0
0.0,71016.0,0.1917808219178082,0.0,0.0,0
0.0,146616.0,0.25925925925925924,0.0,0.0,0
0.0,113880.0,0.20481927710843373,3.0,0.0,1
0.0,74328.0,0.21153846153846154,0.6666666666666666,1.0,0
4.0,121296.0,0.2222222222222222,0.9791666666666666,2.0,0
2.0,124176.0,0.20454545454545456,0.9130434782608695,1.4,0
4.0,62472.0,0.2037037037037037,0.9047619047619048,2.0,0
0.0,172440.0,0.17543859649122806,0.0,0.0,0
8.0,114000.0,0.22448979591836735,1.0571428571428572,2.6666666666666665,0
8.0,71016.0,0.22916666666666666,0.9714285714285714,0.2978723404255319,0
0.0,70080.0,0.21951219512195122,0.0,0.0,0
0.0,124944.0,0.2391304347826087,1.0909090909090908,0.8,0
2.0,58584.0,0.21621621621621623,1.1111111111111112,4.0,1
4.0,160272.0,0.1652892561983471,1.0,3.0,0
8.0,124944.0,0.2,0.9523809523809523,0.07142857142857142,0
0.0,10.0,0.22,0.46153846153846156,1.5714285714285714,0
2.0,118464.0,0.175,1.0,1.0,0
0.0,69768.0,0.19078947368421054,3.0,0.0,1
8.0,104424.0,0.225,0.9411764705882353,0.3333333333333333,0
6.0,63792.0,0.15714285714285714,0.8846153846153846,4.0,0
0.0,170880.0,0.1875,0.6111111111111112,1.25,0
6.0,113856.0,0.1724137931034483,1.0681818181818181,1.1,0
0.0,200880.0,0.2222222222222222,0.0,0.0,0
8.0,134640.0,0.1956521739130435,0.8918918918918919,0.8181818181818182,0
0.0,87504.0,0.23076923076923078,0.0,0.0,0
0.0,139488.0,0.1694915254237288,1.1666666666666667,0.4,0
0.0,170880.0,0.20238095238095238,0.0,0.0,0
4.0,109344.0,0.17105263157894737,0.6785714285714286,0.4666666666666667,0
0.0,183984.0,0.16455696202531644,1.0,0.8571428571428571,0
6.0,10.0,0.2619047619047619,0.8636363636363636,2.5,1
6.0,187896.0,0.203125,1.1282051282051282,0.6190476190476191,0
6.0,140280.0,0.23255813953488372,0.8064516129032258,2.0,1
4.0,139488.0,0.1794871794871795,0.9375,4.0,0
0.0,87696.0,0.1875,0.0,0.0,0
0.0,73440.0,0.23255813953488372,0.0,0.0,0
0.0,104539.81666666667,0.1864406779661017,1.4,0.6666666666666666,0
0.0,52632.0,0.16279069767441862,0.0,0.0,0
6.0,156363.65,0.20512820512820512,0.8695652173913043,3.0,0
4.0,10.0,0.19607843137254902,0.8666666666666667,4.0,0
4.0,147336.0,0.2222222222222222,1.0,2.0,0
4.0,87672.0,0.22033898305084745,1.0,2.0,1
0.0,178224.0,0.2571428571428571,1.0,0.5,0
0.0,104424.0,0.2,0.23529411764705882,0.5714285714285714,0
6.0,184104.0,0.1686746987951807,0.8571428571428571,0.2,0
0.0,87687.15,0.23684210526315788,0.4583333333333333,1.3333333333333333,0
0.0,183312.0,0.19444444444444445,0.0,0.0,0
4.0,78768.0,0.21875,0.9565217391304348,2.0,0
0.0,96432.0,0.15384615384615385,0.6,1.0,0
0.0,183336.0,0.18556701030927836,0.0,0.0,0
0.0,114297.55,0.17857142857142858,0.0,0.0,0
0.0,174576.0,0.21621621621621623,0.0,0.0,0
2.0,54096.0,0.20754716981132076,1.2105263157894737,1.0,0
0.0,139896.0,0.19148936170212766,0.0,0.0,0
0.0,130714.06666666667,0.1836734693877551,1.3333333333333333,0.5,0
0.0,69768.0,0.2,3.0,0.0,1
0.0,91272.0,0.16216216216216217,0.0,0.0,0
2.0,114007.7,0.15789473684210525,0.9333333333333333,1.75,0
0.0,71015.51666666666,0.17391304347826086,0.75,1.0,0
4.0,143328.0,0.21951219512195122,0.9672131147540983,1.6,0
4.0,156576.0,0.16049382716049382,0.9523809523809523,2.0,0
0.0,96336.0,0.189873417721519,1.0,0.8571428571428571,0
0.0,139488.0,0.17073170731707318,1.25,0.25,0
4.0,10.0,0.23404255319148937,0.875,3.0,1
0.0,104424.0,0.225,0.0,0.0,0
8.0,151800.0,0.18867924528301888,0.8947368421052632,0.038461538461538464,0
0.0,139488.0,0.1724137931034483,0.0,0.0,0
6.0,120816.0,0.1836734693877551,0.9354838709677419,1.6666666666666667,0
0.0,97200.0,0.14285714285714285,0.0,0.0,0
0.0,155016.0,0.15517241379310345,0.0,0.0,0
2.0,24.0,0.18032786885245902,1.1666666666666667,1.0,0
6.0,143958.81666666668,0.2413793103448276,1.125,0.23076923076923078,0
8.0,124944.0,0.20512820512820512,0.9375,0.4230769230769231,0
4.0,163992.0,0.16326530612244897,0.9705882352941176,0.38095238095238093,0
4.0,139536.0,0.1724137931034483,0.9047619047619048,7.0,0
0.0,52608.0,0.1875,1.1428571428571428,1.0,0
0.0,121992.0,0.16326530612244897,1.25,0.375,0
4.0,87480.0,0.2413793103448276,0.9,2.0,1
4.0,78192.0,0.19607843137254902,1.48,0.0975609756097561,0
0.0,152232.0,0.2222222222222222,0.0,0.0,0
0.0,3120.0,0.19540229885057472,0.0,0.0,0
4.0,95712.0,0.25,0.8461538461538461,1.0,1
4.0,183216.0,0.20253164556962025,1.1071428571428572,1.8333333333333333,0
10.0,91512.0,0.19607843137254902,1.12,0.24,0
6.0,172440.0,0.16470588235294117,0.9459459459459459,0.2777777777777778,0
4.0,174696.0,0.25,0.8333333333333334,0.75,0
0.0,173856.0,0.19607843137254902,0.0,0.0,0
0.0,186984.0,0.18867924528301888,1.1666666666666667,0.75,0
0.0,199488.0,0.12658227848101267,0.0,0.0,0
0.0,130714.06666666667,0.24390243902439024,0.625,0.6,0
0.0,147816.0,0.2112676056338028,1.2857142857142858,0.8,0
0.0,165072.0,0.18604651162790697,0.0,0.0,0
0.0,139488.0,0.20754716981132076,0.0,0.0,0
0.0,69648.0,0.20454545454545456,1.1111111111111112,0.8333333333333334,0
4.0,96600.0,0.2,0.9,2.0,1
0.0,130714.06666666667,0.23404255319148937,0.0,0.0,0
0.0,120120.0,0.1917808219178082,0.0,0.0,0
0.0,131733.85,0.2222222222222222,0.0,0.0,0
0.0,170880.0,0.1864406779661017,0.0,0.0,0
4.0,140280.0,0.21052631578947367,0.9795918367346939,4.0,0
0.0,131182.04416666666,0.1917808219178082,0.0,0.0,0
0.0,187896.0,0.16666666666666666,0.0,0.0,0
10.0,108936.0,0.2857142857142857,0.8055555555555556,0.2,0
0.0,124944.0,0.21428571428571427,0.0,0.0,0
4.0,110856.0,0.18333333333333332,0.9285714285714286,2.0,0
4.0,165696.0,0.21100917431192662,0.8571428571428571,3.0,0
2.0,10.0,0.23809523809523808,0.3333333333333333,0.0,1
0.0,114624.0,0.1566265060240964,1.0,1.5,0
0.0,139488.0,0.18181818181818182,0.0,0.0,0
6.0,10.0,0.3170731707317073,0.7368421052631579,2.0,1
0.0,69768.0,0.1935483870967742,3.0,0.0,1
0.0,139776.0,0.14457831325301204,0.0,0.0,0
6.0,60336.0,0.25,0.9782608695652174,3.0,1
2.0,149016.0,0.16666666666666666,1.2658227848101267,1.75,0
2.0,96432.0,0.20833333333333334,1.0,1.5,0
0.0,51432.0,0.22916666666666666,0.0,0.0,0
0.0,148272.0,0.1523809523809524,1.0,0.5,0
8.0,122760.0,0.23529411764705882,0.9642857142857143,3.0,0
0.0,113856.0,0.2,0.0,0.0,0
0.0,173904.0,0.2,0.0,0.0,0
0.0,153576.0,0.16326530612244897,0.0,0.0,0
4.0,192384.0,0.25925925925925924,0.6129032258064516,0.25,0
0.0,188376.0,0.18309859154929578,0.0,0.0,0
0.0,100608.0,0.15384615384615385,1.1428571428571428,0.42857142857142855,0
0.0,157056.0,0.1732283464566929,1.3333333333333333,0.3333333333333333,0
0.0,140232.0,0.21875,0.0,0.0,0
4.0,154416.0,0.16901408450704225,1.125,0.5384615384615384,0
0.0,104424.0,0.2,0.6285714285714286,0.28,0
0.0,58080.0,0.20833333333333334,1.25,0.375,0
8.0,59232.0,0.18181818181818182,0.5909090909090909,1.2,0
0.0,148176.0,0.21153846153846154,0.0,0.0,0
2.0,64920.0,0.21621621621621623,1.1176470588235294,0.5454545454545454,0
0.0,81954.05,0.22972972972972974,1.1666666666666667,1.1428571428571428,0
2.0,105216.0,0.22727272727272727,0.9285714285714286,1.0,1
2.0,78936.0,0.24,1.1363636363636365,1.5,0
0.0,147600.0,0.16161616161616163,0.9411764705882353,1.25,0
6.0,122736.0,0.2054794520547945,0.9629629629629629,0.42857142857142855,0
0.0,130714.06666666667,0.19047619047619047,0.0,0.0,0
0.0,148176.0,0.14705882352941177,0.8461538461538461,1.75,0
4.0,105216.0,0.2,1.3333333333333333,2.3333333333333335,0
4.0,139488.0,0.18478260869565216,0.9318181818181818,2.0,0
0.0,192576.0,0.23809523809523808,0.0,0.0,0
0.0,1056.0,0.2127659574468085,1.3333333333333333,0.75,0
8.0,124944.0,0.21568627450980393,1.0476190476190477,0.17857142857142858,0
8.0,113856.0,0.21052631578947367,1.0454545454545454,0.25,0
2.0,155016.0,0.19117647058823528,1.1724137931034482,0.6,0
0.0,163368.0,0.2,0.0,0.0,0
8.0,130714.06666666667,0.19642857142857142,0.9803921568627451,0.05405405405405406,0
0.0,95688.0,0.2631578947368421,0.0,0.0,0
0.0,180153.6,0.2,0.0,0.0,0
4.0,173856.0,0.18309859154929578,0.9230769230769231,3.0,0
0.0,134640.0,0.1919191919191919,0.0,0.0,0
0.0,78144.0,0.1875,0.0,0.0,0
2.0,83258.3,0.17391304347826086,0.9787234042553191,2.0,0
6.0,54113.13333333333,0.21428571428571427,0.9361702127659575,1.0,0
0.0,128256.0,0.225,0.0,0.0,0
4.0,183312.0,0.15254237288135594,0.9473684210526315,1.0,0
6.0,130714.06666666667,0.21621621621621623,1.0434782608695652,0.12162162162162163,0
0.0,147528.0,0.14,0.0,0.0,0
4.0,360.0,0.20930232558139536,1.05,0.8,0
0.0,104424.0,0.2,0.0,0.0,0
6.0,139488.0,0.1794871794871795,0.8235294117647058,4.0,0
0.0,172440.0,0.171875,0.6363636363636364,0.5714285714285714,0
0.0,96240.0,0.16326530612244897,0.0,0.0,0
0.0,166560.0,0.18867924528301888,0.0,0.0,0
6.0,170880.0,0.21428571428571427,1.0930232558139534,0.25,0
2.0,10.0,0.36,1.0,2.0,1
0.0,10.0,0.16129032258064516,0.0,0.0,0
0.0,194928.0,0.17475728155339806,0.0,0.0,0
6.0,166560.0,0.2222222222222222,0.95,1.0,0
6.0,183408.0,0.19117647058823528,0.8181818181818182,5.0,0
6.0,10.0,0.2727272727272727,0.7619047619047619,2.0,1
0.0,11712.0,0.2857142857142857,0.0,0.0,0
2.0,70128.0,0.24,1.0,2.0,1
0.0,0.0,0.2,0.0,0.0,0
0.0,148944.0,0.16822429906542055,1.0,0.8333333333333334,0
4.0,87552.0,0.23076923076923078,1.0,5.0,0
6.0,170880.0,0.16216216216216217,1.0714285714285714,0.09090909090909091,0
6.0,122784.0,0.15789473684210525,0.9545454545454546,1.6666666666666667,0
6.0,60336.0,0.23333333333333334,0.975609756097561,2.0,1
6.0,10.0,0.3142857142857143,0.8181818181818182,2.5,1
0.0,87504.0,0.19047619047619047,0.0,0.0,0
2.0,79032.0,0.2112676056338028,1.1176470588235294,2.0,0
0.0,139488.0,0.20253164556962025,1.0,1.2857142857142858,0
0.0,139488.0,0.19047619047619047,0.0,0.0,0
0.0,170880.0,0.1935483870967742,0.47619047619047616,0.7777777777777778,0
2.0,10.0,0.2127659574468085,0.7096774193548387,3.0,0
0.0,160368.0,0.19298245614035087,0.0,0.0,0
0.0,10.0,0.19148936170212766,0.0,0.0,0
0.0,71448.0,0.19117647058823528,1.0,0.8571428571428571,0
0.0,122136.0,0.2222222222222222,0.0,0.0,0
8.0,10.0,0.2972972972972973,0.8214285714285714,2.5,1
0.0,139896.0,0.17073170731707318,0.0,0.0,0
0.0,10.0,0.15789473684210525,0.0,0.0,0
0.0,176880.0,0.18,0.0,0.0,0
0.0,130056.0,0.1956521739130435,0.0,0.0,0
0.0,192864.0,0.21951219512195122,0.6666666666666666,0.75,0
0.0,151800.0,0.1774193548387097,0.8,0.5,0
0.0,210264.0,0.1794871794871795,0.0,0.0,0
0.0,83280.0,0.175,0.0,0.0,0
0.0,130714.06666666667,0.171875,0.0,0.0,0
0.0,199488.0,0.19626168224299065,0.0,0.0,0
6.0,10.0,0.2647058823529412,0.8,2.5,1
0.0,113880.0,0.20481927710843373,2.0,0.0,1
0.0,124944.0,0.21052631578947367,0.0,0.0,0
0.0,139488.0,0.20588235294117646,1.2,1.0,0
8.0,9792.0,0.21052631578947367,0.85,3.0,1
4.0,188304.0,0.2222222222222222,1.0,8.0,0
0.0,117432.0,0.14444444444444443,0.5714285714285714,1.6666666666666667,0
0.0,112632.0,0.1935483870967742,1.0,0.2777777777777778,0
4.0,98832.0,0.22857142857142856,0.8333333333333334,2.0,0
2.0,96432.0,0.20930232558139536,1.0,1.4285714285714286,0
4.0,123480.0,0.19298245614035087,0.9333333333333333,1.0,0
0.0,200604.81666666668,0.1926605504587156,0.0,0.0,0
2.0,122592.0,0.1956521739130435,1.0,2.0,0
0.0,80232.0,0.14782608695652175,0.0,0.0,0
0.0,8784.0,0.2,0.6923076923076923,0.6666666666666666,0
2.0,122712.0,0.17647058823529413,1.0166666666666666,1.2,0
0.0,113856.0,0.2,1.1428571428571428,0.6,0
0.0,24.0,0.21428571428571427,0.0,0.0,0
0.0,187896.0,0.1896551724137931,0.0,0.0,0
0.0,188304.0,0.17582417582417584,0.0,0.0,0
4.0,214656.0,0.20689655172413793,0.9880952380952381,2.3333333333333335,0
0.0,141264.0,0.18309859154929578,0.0,0.0,0
2.0,133896.0,0.19444444444444445,1.2105263157894737,0.8,0
6.0,169512.0,0.17045454545454544,0.8571428571428571,5.0,0
0.0,52896.0,0.2222222222222222,0.0,0.0,0
0.0,145392.0,0.2,0.0,0.0,0
0.0,4488.0,0.24242424242424243,1.1666666666666667,0.5,0
0.0,130714.06666666667,0.20634920634920634,0.0,0.0,0
4.0,155664.0,0.25,1.0,5.0,0
0.0,106200.0,0.1323529411764706,0.0,0.0,0
0.0,111552.0,0.19230769230769232,0.0,0.0,0
0.0,130714.06666666667,0.22413793103448276,0.0,0.0,0
0.0,91512.0,0.18,1.0,0.4,0
6.0,10.0,0.2558139534883721,0.84,2.0,1
4.0,139560.0,0.2,0.7352941176470589,0.4117647058823529,0
4.0,122712.0,0.24,0.9411764705882353,2.3333333333333335,0
0.0,140568.0,0.17391304347826086,0.0,0.0,0
0.0,102168.0,0.2608695652173913,1.1111111111111112,0.8571428571428571,0
0.0,157824.0,0.21739130434782608,0.0,0.0,0
0.0,84072.0,0.16923076923076924,0.0,0.0,0
4.0,146760.0,0.17567567567567569,0.8571428571428571,0.7142857142857143,0
8.0,180600.0,0.24,0.9512195121951219,0.35294117647058826,0
0.0,174192.0,0.19047619047619047,0.625,0.75,0
8.0,10.0,0.2647058823529412,0.8125,2.5,1
0.0,141672.0,0.1875,1.0,0.625,0
0.0,140472.0,0.1935483870967742,0.0,0.0,0
4.0,120120.0,0.20454545454545456,1.2159090909090908,1.0,0
0.0,112752.0,0.1794871794871795,1.125,0.375,0
6.0,157104.0,0.14634146341463414,0.9047619047619048,1.5,0
2.0,58728.0,0.1891891891891892,1.0588235294117647,0.625,0
0.0,120840.0,0.17391304347826086,0.0,0.0,0
4.0,87504.0,0.21621621621621623,0.8260869565217391,2.0,0
6.0,120816.0,0.1875,0.675,2.6666666666666665,0
0.0,96432.0,0.19047619047619047,0.0,0.0,0
0.0,124944.0,0.24444444444444444,1.1666666666666667,0.5,0
0.0,10.0,0.25,1.2,0.4,0
0.0,70104.0,0.2413793103448276,0.0,0.0,0
0.0,131182.04416666666,0.27586206896551724,0.0,0.0,0
4.0,92664.0,0.1956521739130435,1.15,2.0,0
6.0,10.0,0.19444444444444445,0.8846153846153846,0.26666666666666666,0
2.0,112824.0,0.20270270270270271,1.3175355450236967,1.0,0
6.0,104424.0,0.2,0.8695652173913043,0.375,0
12.0,172440.0,0.25,0.8947368421052632,0.14634146341463414,0
0.0,187896.0,0.17142857142857143,0.8,0.5,0
0.0,126648.0,0.16363636363636364,0.0,0.0,0
0.0,69768.0,0.18699186991869918,2.0,0.0,1
0.0,104568.0,0.16,0.0,0.0,0
0.0,69768.0,0.09941520467836257,2.0,0.0,1
4.0,137256.0,0.1702127659574468,1.0,3.0,0
4.0,139488.0,0.2,0.9574468085106383,3.0,0
4.0,139488.0,0.14814814814814814,0.9347826086956522,5.0,0
0.0,122688.0,0.1839080459770115,0.0,0.0,0
0.0,132576.0,0.2926829268292683,0.0,0.0,0
0.0,161256.0,0.23809523809523808,0.0,0.0,0
0.0,130714.06666666667,0.22972972972972974,0.0,0.0,0
4.0,10.0,0.24324324324324326,0.75,2.0,1
0.0,172440.0,0.17307692307692307,0.0,0.0,0
0.0,61166.5,0.15306122448979592,1.5,2.0,1
6.0,140280.0,0.23255813953488372,0.875,2.0,1
4.0,91296.0,0.2549019607843137,1.0192307692307692,1.0,1
0.0,69768.0,0.19863013698630136,2.0,0.0,1
6.0,172440.0,0.17142857142857143,0.9090909090909091,0.2702702702702703,0
6.0,10.0,0.2558139534883721,0.84,2.5,1
0.0,69768.0,0.18055555555555555,2.0,0.0,1
8.0,130714.06666666667,0.23529411764705882,0.7804878048780488,0.5,0
0.0,180696.0,0.17777777777777778,0.0,0.0,0
6.0,199488.0,0.19148936170212766,0.9722222222222222,0.26666666666666666,0
6.0,199488.0,0.16666666666666666,1.1125,0.1016949152542373,0
6.0,192576.0,0.23809523809523808,0.9411764705882353,2.0,0
4.0,10.0,0.20754716981132076,1.0,8.0,0
0.0,166176.0,0.14583333333333334,0.0,0.0,0
0.0,154972.06666666668,0.2,1.1111111111111112,0.7142857142857143,0
0.0,78600.0,0.18840579710144928,0.0,0.0,0
0.0,144720.0,0.19540229885057472,1.1818181818181819,0.8,0
4.0,1656.0,0.19047619047619047,0.8947368421052632,2.75,0
0.0,178392.0,0.21428571428571427,0.875,0.8333333333333334,0
0.0,96432.0,0.20930232558139536,0.0,0.0,0
4.0,87648.0,0.21212121212121213,1.0,3.0,0
6.0,173400.0,0.16666666666666666,0.7727272727272727,0.09090909090909091,0
6.0,173904.0,0.22580645161290322,0.9736842105263158,0.07407407407407407,0
6.0,51168.0,0.2261904761904762,1.0,3.0,0
4.0,81528.0,0.17142857142857143,0.9285714285714286,5.0,0
0.0,96432.0,0.22448979591836735,0.0,0.0,0
8.0,78048.0,0.2,0.7741935483870968,0.38461538461538464,0
2.0,59928.0,0.24242424242424243,1.1818181818181819,2.0,0
0.0,78912.0,0.16129032258064516,0.0,0.0,0
6.0,169056.0,0.18333333333333332,1.0222222222222221,2.0,0
0.0,150096.0,0.2,0.8,1.0,0
0.0,92230.56666666667,0.08333333333333333,0.0,0.0,0
0.0,1564.8666666666666,0.23076923076923078,0.0,0.0,0
0.0,3816.0,0.23076923076923078,0.0,0.0,0
4.0,10.0,0.19607843137254902,1.0404040404040404,2.0,0
4.0,139488.0,0.2413793103448276,0.9014084507042254,1.8333333333333333,0
4.0,96.0,0.2631578947368421,0.8235294117647058,2.0,1
0.0,69768.0,0.1875,2.0,0.0,1
0.0,173904.0,0.17647058823529413,0.0,0.0,0
0.0,96576.0,0.16666666666666666,0.0,0.0,0
4.0,132576.0,0.2391304347826087,0.8947368421052632,7.0,0
6.0,173904.0,0.1935483870967742,0.9310344827586207,0.1111111111111111,0
6.0,160608.0,0.18181818181818182,0.9545454545454546,0.7142857142857143,0
8.0,52632.0,0.15,0.9125,0.10294117647058823,0
0.0,96408.0,0.225,0.0,0.0,0
6.0,147816.0,0.21212121212121213,0.9523809523809523,0.18181818181818182,0
0.0,192744.0,0.1917808219178082,0.6153846153846154,0.6666666666666666,0
2.0,122064.0,0.3157894736842105,0.8666666666666667,3.0,0
0.0,71016.0,0.18309859154929578,0.7058823529411765,0.14285714285714285,0
6.0,120816.0,0.20454545454545456,1.0689655172413792,2.0,0
4.0,155016.0,0.2,0.9166666666666666,2.6666666666666665,0
2.0,156888.0,0.1724137931034483,1.088235294117647,5.0,0
0.0,178224.0,0.1875,0.7857142857142857,0.25,0
0.0,148944.0,0.13846153846153847,0.4,1.25,0
8.0,180600.0,0.25,0.8620689655172413,0.7142857142857143,0
4.0,152856.0,0.1875,1.0714285714285714,1.0,0
4.0,131184.0,0.3181818181818182,0.8333333333333334,1.0,1
8.0,115560.0,0.26666666666666666,0.8918918918918919,5.0,0
4.0,139488.0,0.26666666666666666,0.9210526315789473,0.7142857142857143,0
0.0,70128.0,0.1864406779661017,0.0,0.0,0
4.0,156360.0,0.1951219512195122,1.0,3.0,0
0.0,158640.0,0.21739130434782608,0.0,0.0,0
0.0,113538.66666666667,0.22388059701492538,0.0,0.0,0
0.0,104424.0,0.2,1.1666666666666667,0.5,0
8.0,180600.0,0.23684210526315788,1.037037037037037,1.6666666666666667,0
0.0,139488.0,0.1891891891891892,0.0,0.0,0
0.0,139560.0,0.18421052631578946,1.1428571428571428,0.3333333333333333,0
6.0,201552.0,0.17757009345794392,1.0,1.25,0
0.0,69768.0,0.2,2.0,0.0,1
0.0,138816.0,0.17777777777777778,0.0,0.0,0
0.0,130714.06666666667,0.203125,0.0,0.0,0
0.0,175200.0,0.20512820512820512,1.25,0.6666666666666666,0
4.0,166440.0,0.2,1.0,5.0,0
4.0,179088.0,0.23076923076923078,0.9583333333333334,3.0,0
0.0,105216.0,0.2127659574468085,0.5714285714285714,1.4285714285714286,0
0.0,182640.0,0.18867924528301888,0.0,0.0,0
6.0,10.0,0.275,0.7575757575757576,1.3333333333333333,1
0.0,130714.06666666667,0.22448979591836735,0.0,0.0,0
0.0,184128.0,0.23333333333333334,0.0,0.0,0
6.0,122760.0,0.20930232558139536,0.8571428571428571,2.0,0
2.0,91296.0,0.2857142857142857,1.0,1.0,1
0.0,113880.0,0.2073170731707317,2.0,0.0,1
2.0,7104.0,0.16363636363636364,1.0,1.5,0
0.0,150120.0,0.18,0.6842105263157895,0.125,0
8.0,139488.0,0.14285714285714285,0.9285714285714286,0.5454545454545454,0
0.0,130714.06666666667,0.21621621621621623,1.1666666666666667,0.75,0
0.0,178224.0,0.2222222222222222,1.0909090909090908,0.9230769230769231,0
0.0,131182.04416666666,0.20512820512820512,0.0,0.0,0
0.0,192384.0,0.19148936170212766,0.0,0.0,0
4.0,139488.0,0.19444444444444445,0.9130434782608695,0.5714285714285714,0
6.0,130714.06666666667,0.1956521739130435,1.148936170212766,0.05555555555555555,0
0.0,70128.0,0.19642857142857142,0.0,0.0,0
8.0,148776.0,0.17391304347826086,1.0,0.29411764705882354,0
0.0,138744.0,0.16037735849056603,0.5789473684210527,0.8181818181818182,0
6.0,169512.0,0.1827956989247312,0.782608695652174,3.0,0
0.0,130714.06666666667,0.2,0.0,0.0,0
0.0,10.0,0.1780821917808219,1.0666666666666667,0.4666666666666667,0
0.0,175200.0,0.18032786885245902,0.0,0.0,0
0.0,69768.0,0.19548872180451127,3.0,0.0,1
0.0,10.0,0.19230769230769232,1.0,1.0,0
0.0,150624.0,0.18333333333333332,0.0,0.0,0
4.0,10.0,0.2647058823529412,0.7894736842105263,4.0,1
0.0,128304.0,0.20454545454545456,0.0,0.0,0
0.0,130714.06666666667,0.2222222222222222,0.0,0.0,0
0.0,175272.0,0.21951219512195122,0.0,0.0,0
2.0,114000.0,0.14285714285714285,1.1481481481481481,2.25,0
4.0,122616.0,0.3333333333333333,0.9523809523809523,1.1428571428571428,0
0.0,48936.0,0.19148936170212766,0.0,0.0,0
4.0,79992.0,0.16101694915254236,0.88,1.0,0
4.0,139488.0,0.1839080459770115,0.7361111111111112,2.0,0
0.0,157680.0,0.16326530612244897,0.0,0.0,0
4.0,122760.0,0.25,1.0416666666666667,0.8,0
6.0,157008.0,0.14960629921259844,0.8823529411764706,4.0,0
6.0,165096.0,0.18012422360248448,0.8461538461538461,1.75,0
4.0,180696.0,0.17777777777777778,0.9583333333333334,2.0,0
8.0,104424.0,0.2,0.9315068493150684,0.16326530612244897,0
0.0,158856.0,0.19298245614035087,0.0,0.0,0
0.0,5928.0,0.26666666666666666,0.0,0.0,0
4.0,98832.0,0.17647058823529413,1.0476190476190477,0.8571428571428571,0
0.0,69768.0,0.1968503937007874,2.0,0.0,1
0.0,130714.06666666667,0.21818181818181817,0.5833333333333334,0.25,0
8.0,51642.55,0.15384615384615385,1.1492537313432836,0.07317073170731707,0
4.0,82760.35,0.21951219512195122,1.2380952380952381,0.16666666666666666,0
0.0,90000.0,0.175,0.0,0.0,0
8.0,67368.0,0.18604651162790697,0.8095238095238095,1.8,0
6.0,112656.0,0.19230769230769232,0.7857142857142857,0.4782608695652174,0
0.0,78192.0,0.21212121212121213,0.8571428571428571,1.0,0
0.0,95904.0,0.15873015873015872,0.0,0.0,0
4.0,70152.0,0.1693548387096774,0.8125,2.0,0
0.0,72216.0,0.21621621621621623,0.0,0.0,0
0.0,142032.0,0.1896551724137931,1.1111111111111112,0.8333333333333334,0
0.0,142728.0,0.1686746987951807,1.1666666666666667,0.5,0
6.0,137352.0,0.25,1.0,3.0,1
0.0,99528.0,0.19607843137254902,0.0,0.0,0
0.0,170880.0,0.18055555555555555,0.0,0.0,0
8.0,91512.0,0.19148936170212766,1.2372881355932204,0.12195121951219512,0
0.0,214656.0,0.19718309859154928,0.0,0.0,0
0.0,69768.0,0.17218543046357615,3.0,0.0,1
0.0,104472.0,0.225,0.6363636363636364,1.0,0
0.0,147600.0,0.21311475409836064,1.0,0.2222222222222222,0
4.0,227808.0,0.2,0.7741935483870968,7.0,0
0.0,96408.03333333334,0.21428571428571427,0.0,0.0,0
0.0,10.0,0.20833333333333334,0.0,0.0,0
0.0,100152.0,0.19298245614035087,0.0,0.0,0
4.0,98952.0,0.16666666666666666,0.7666666666666667,1.25,0
0.0,69768.0,0.19745222929936307,2.5,0.5,1
0.0,10.0,0.21666666666666667,0.0,0.0,0
0.0,134640.0,0.1694915254237288,0.0,0.0,0
10.0,139488.0,0.14893617021276595,0.9318181818181818,2.5,0
2.0,71976.0,0.23684210526315788,1.0,1.0,1
8.0,183984.0,0.21232876712328766,1.0,0.75,0
6.0,166512.0,0.1732283464566929,0.8571428571428571,2.0,0
2.0,158352.0,0.21052631578947367,1.2394366197183098,1.0,0
0.0,113880.0,0.20212765957446807,2.0,0.5,1
0.0,68712.0,0.2222222222222222,1.0,0.5,0
0.0,82760.35,0.225,0.0,0.0,0
0.0,43848.0,0.18571428571428572,0.0,0.0,0
6.0,10.0,0.3055555555555556,0.88,2.5,1
10.0,180600.0,0.15625,0.8780487804878049,0.6363636363636364,0
0.0,152856.0,0.168141592920354,0.0,0.0,0
0.0,170880.0,0.17333333333333334,1.25,0.25,0
4.0,138426.05,0.19047619047619047,1.0666666666666667,1.25,0
4.0,180072.0,0.17333333333333334,0.8846153846153846,2.5,0
12.0,172440.0,0.1935483870967742,0.4943820224719101,0.25,0
0.0,104232.0,0.25806451612903225,0.0,0.0,0
0.0,147600.0,0.23076923076923078,0.0,0.0,0
0.0,96432.0,0.2,0.6875,1.1428571428571428,0
2.0,10.0,0.2571428571428571,1.1666666666666667,4.0,1
2.0,104376.0,0.16666666666666666,1.0434782608695652,2.0,0
6.0,170880.0,0.2,1.0517241379310345,0.06382978723404255,0
0.0,181104.0,0.2,0.0,0.0,0
0.0,70151.25,0.175,0.0,0.0,0
0.0,165072.0,0.23684210526315788,0.0,0.0,0
0.0,172440.0,0.16981132075471697,0.0,0.0,0
4.0,87504.0,0.16923076923076924,1.0666666666666667,1.5,0
2.0,10.0,0.16901408450704225,0.9444444444444444,3.0,1
0.0,181776.0,0.20930232558139536,1.0,0.3333333333333333,0
0.0,139488.0,0.2,0.0,0.0,0
0.0,140256.0,0.21052631578947367,0.0,0.0,0
8.0,104424.0,0.225,0.9154929577464789,0.09803921568627451,0
4.0,131136.0,0.21153846153846154,0.9393939393939394,0.7058823529411765,0
0.0,142728.0,0.17391304347826086,0.0,0.0,0
0.0,139920.0,0.19047619047619047,0.0,0.0,0
4.0,0.0,0.15517241379310345,1.0,1.1111111111111112,0
4.0,156336.0,0.1891891891891892,0.7647058823529411,4.0,0
6.0,165672.0,0.15,1.0,0.037037037037037035,0
8.0,180600.0,0.23076923076923078,0.7636363636363637,0.3888888888888889,0
0.0,131182.04416666666,0.23684210526315788,1.1666666666666667,0.6363636363636364,0
6.0,192792.0,0.14606741573033707,1.2087912087912087,0.12121212121212122,0
0.0,201504.0,0.20754716981132076,0.0,0.0,0
10.0,104424.0,0.2,0.9444444444444444,0.07547169811320754,0
0.0,10.0,0.17307692307692307,0.625,0.5,0
0.0,194328.0,0.2,0.0,0.0,0
6.0,60336.0,0.25,0.9782608695652174,2.0,1
0.0,146664.0,0.14864864864864866,0.8260869565217391,1.0,0
0.0,105048.0,0.14084507042253522,1.0,0.375,0
4.0,173136.0,0.2222222222222222,1.0952380952380953,1.0,0
0.0,139992.0,0.1625,0.0,0.0,0
0.0,130714.06666666667,0.21428571428571427,1.0,0.25,0
0.0,112344.0,0.15714285714285714,1.0,0.25,0
4.0,96440.76666666666,0.1896551724137931,0.9130434782608695,1.2,0
8.0,104880.0,0.21428571428571427,0.9142857142857143,0.23076923076923078,1
0.0,170664.0,0.16822429906542055,0.0,0.0,0
0.0,83258.3,0.2,0.0,0.0,0
0.0,10.0,0.16666666666666666,0.0,0.0,0
6.0,179088.0,0.22807017543859648,1.0,1.25,0
0.0,59736.0,0.18421052631578946,0.0,0.0,0
0.0,0.0,0.225,0.0,0.0,0
0.0,120816.0,0.1875,0.0,0.0,0
6.0,94968.0,0.15853658536585366,1.173913043478261,1.0,0
0.0,74832.0,0.1875,1.1111111111111112,0.5,0
0.0,98520.0,0.1891891891891892,0.0,0.0,0
0.0,174528.0,0.2647058823529412,0.0,0.0,0
4.0,139488.0,0.17073170731707318,0.95,1.7777777777777777,0
0.0,178224.0,0.2,0.0,0.0,0
0.0,180600.0,0.225,1.25,0.25,0
4.0,10.0,0.3235294117647059,0.7777777777777778,2.5,1
4.0,180600.0,0.18571428571428572,1.0526315789473684,0.3333333333333333,0
0.0,96.0,0.20588235294117646,0.0,0.0,0
2.0,104784.0,0.23684210526315788,1.0,2.0,1
4.0,187896.0,0.21666666666666667,0.9411764705882353,0.46153846153846156,0
0.0,10.0,0.2112676056338028,0.0,0.0,0
4.0,138744.0,0.14482758620689656,0.6538461538461539,4.0,0
0.0,112656.0,0.19672131147540983,1.0,0.7142857142857143,0
6.0,10.0,0.3055555555555556,0.7727272727272727,2.5,1
2.0,10.0,0.23255813953488372,1.1111111111111112,3.0,1
4.0,80232.0,0.25,1.0,1.75,0
8.0,189948.86666666667,0.1651376146788991,0.918918918918919,0.047619047619047616,0
0.0,194928.0,0.16363636363636364,0.0,0.0,0
6.0,70128.0,0.25925925925925924,0.967741935483871,3.0,1
0.0,114297.55,0.17857142857142858,0.8333333333333334,1.1666666666666667,0
4.0,192384.0,0.21875,0.9696969696969697,0.9285714285714286,0
0.0,94680.0,0.1951219512195122,0.0,0.0,0
2.0,139896.0,0.17777777777777778,0.9767441860465116,0.7142857142857143,0
0.0,96096.0,0.19607843137254902,0.0,0.0,0
2.0,87624.0,0.1724137931034483,1.0,3.0,0
4.0,69912.0,0.19047619047619047,0.9230769230769231,1.0,0
0.0,184152.0,0.20454545454545456,1.2,0.5,0
0.0,124944.0,0.22,0.0,0.0,0
8.0,124944.0,0.1836734693877551,0.9523809523809523,0.07142857142857142,0
0.0,161784.0,0.20689655172413793,1.0,0.75,0
8.0,96432.0,0.21428571428571427,0.9099099099099099,0.11904761904761904,0
2.0,130776.0,0.171875,0.7058823529411765,1.0,0
0.0,25992.0,0.17647058823529413,0.0,0.0,0
0.0,139320.0,0.21739130434782608,0.0,0.0,0
0.0,113880.0,0.2,3.0,0.0,1
0.0,140292.83333333334,0.2,0.0,0.0,0
0.0,194328.0,0.1956521739130435,0.0,0.0,0
4.0,10.0,0.16981132075471697,1.0357142857142858,5.0,0
0.0,192384.0,0.2682926829268293,0.0,0.0,0
0.0,187896.0,0.18032786885245902,0.0,0.0,0
2.0,19008.0,0.17105263157894737,0.8181818181818182,6.0,1
2.0,181032.0,0.1935483870967742,0.88,1.6666666666666667,0
0.0,69768.0,0.2,2.0,0.0,1
0.0,192576.0,0.22448979591836735,1.2222222222222223,0.75,0
0.0,187896.0,0.21518987341772153,0.0,0.0,0
4.0,129526.96666666666,0.1794871794871795,0.6923076923076923,3.0,0
0.0,165672.0,0.17647058823529413,0.0,0.0,0
6.0,113856.0,0.2,0.92,1.25,0
0.0,201552.0,0.1935483870967742,0.0,0.0,0
8.0,52056.0,0.20967741935483872,1.0,1.3333333333333333,0
4.0,59736.0,0.1794871794871795,0.96,3.0,0
0.0,94824.0,0.14705882352941177,0.0,0.0,0
4.0,188304.0,0.19327731092436976,0.9428571428571428,1.5,0
12.0,172440.0,0.15789473684210525,0.8428571428571429,0.057692307692307696,0
0.0,97992.0,0.16666666666666666,0.0,0.0,0
6.0,139488.0,0.18055555555555555,1.025,1.25,0
0.0,107520.0,0.2,1.1666666666666667,0.4,0
0.0,130714.06666666667,0.21428571428571427,0.35714285714285715,1.4,0
4.0,119568.0,0.2608695652173913,0.9090909090909091,3.0,0
0.0,157824.0,0.1891891891891892,0.0,0.0,0
6.0,199488.0,0.12658227848101267,0.9534883720930233,2.5,0
2.0,87696.0,0.18181818181818182,0.8160919540229885,0.42857142857142855,0
0.0,173904.0,0.2,0.0,0.0,0
4.0,130714.06666666667,0.17857142857142858,0.9375,0.21052631578947367,0
4.0,147816.0,0.23529411764705882,0.7333333333333333,2.0,0
0.0,108672.0,0.15333333333333332,0.0,0.0,0
8.0,91512.0,0.17857142857142858,1.2181818181818183,0.07692307692307693,0
0.0,82128.0,0.1527777777777778,0.0,0.0,0
4.0,109752.0,0.21052631578947367,1.0,0.8,0
2.0,10.0,0.2127659574468085,1.2777777777777777,1.8333333333333333,0
4.0,78192.0,0.1774193548387097,1.1666666666666667,0.14285714285714285,0
0.0,169344.0,0.20512820512820512,0.0,0.0,0
4.0,120816.0,0.2,0.92,1.2,0
0.0,104832.0,0.1836734693877551,0.0,0.0,0
0.0,183928.86666666667,0.11650485436893204,0.0,0.0,0
2.0,69240.0,0.27586206896551724,0.8888888888888888,3.0,0
0.0,78936.0,0.23076923076923078,0.6666666666666666,1.3333333333333333,0
0.0,69768.0,0.08205128205128205,3.0,0.0,1
4.0,139896.0,0.16455696202531644,0.9701492537313433,3.0,0
8.0,120648.0,0.17073170731707318,1.035294117647059,0.7,0
6.0,187896.0,0.17567567567567569,1.0,0.38461538461538464,0
0.0,71760.0,0.15555555555555556,1.0,1.5,0
0.0,89424.0,0.15942028985507245,0.0,0.0,0
4.0,101568.0,0.25,1.0,2.0,0
4.0,175272.0,0.18181818181818182,0.8571428571428571,3.0,0
10.0,104424.0,0.225,0.9459459459459459,0.09090909090909091,0
6.0,170880.0,0.19642857142857142,1.0892857142857142,0.275,0
4.0,149472.0,0.17647058823529413,1.0,1.5,0
0.0,175200.0,0.1935483870967742,1.2857142857142858,0.8,0
6.0,172440.0,0.15151515151515152,1.08,0.08333333333333333,0
0.0,61272.0,0.20833333333333334,0.0,0.0,0
0.0,114598.98333333334,0.20270270270270271,0.0,0.0,0
2.0,162648.0,0.1875,1.158878504672897,2.0,0
0.0,10.0,0.21818181818181817,0.0,0.0,0
0.0,101064.0,0.20238095238095238,0.0,0.0,0
0.0,113856.0,0.18867924528301888,0.0,0.0,0
4.0,135072.0,0.2028985507246377,1.0,0.8,0
8.0,139652.75,0.3333333333333333,0.925,0.13043478260869565,0
0.0,60096.0,0.1956521739130435,0.0,0.0,0
0.0,52632.0,0.24,1.1428571428571428,0.8,0
0.0,82173.45,0.18421052631578946,0.0,0.0,0
0.0,156552.0,0.15789473684210525,0.0,0.0,0
0.0,113880.0,0.19791666666666666,2.0,0.5,1
0.0,104928.0,0.15384615384615385,0.0,0.0,0
4.0,120840.0,0.1746031746031746,0.8076923076923077,1.1666666666666667,0
0.0,100082.5,0.24390243902439024,0.0,0.0,0
0.0,104424.0,0.2,1.3333333333333333,0.3333333333333333,0
4.0,60024.0,0.1643835616438356,1.2,2.0,0
6.0,138816.0,0.20634920634920634,0.8666666666666667,2.0,0
8.0,165336.0,0.17777777777777778,0.9875,3.0,0
8.0,104880.0,0.22916666666666666,0.9142857142857143,0.5833333333333334,1
2.0,87672.0,0.20512820512820512,0.9523809523809523,1.0,0
0.0,101064.0,0.1875,0.0,0.0,0
10.0,172440.0,0.16666666666666666,0.9696969696969697,0.125,0
0.0,114000.0,0.21428571428571427,0.0,0.0,0
0.0,112752.0,0.18115942028985507,0.0,0.0,0
4.0,119712.0,0.1791044776119403,0.9375,3.5,0
0.0,70008.0,0.2857142857142857,0.0,0.0,0
0.0,146280.0,0.1875,1.2,1.75,0
0.0,71904.0,0.18604651162790697,0.0,0.0,0
2.0,174384.0,0.19672131147540983,1.0,1.0,0
6.0,155016.0,0.20588235294117646,1.1607142857142858,0.0707070707070707,0
6.0,166440.0,0.27450980392156865,0.8148148148148148,1.6666666666666667,0
0.0,90624.0,0.21621621621621623,0.8333333333333334,0.5,0
0.0,69768.0,0.08542713567839195,2.0,0.0,1
0.0,166440.0,0.18461538461538463,1.5,0.4,0
0.0,51408.0,0.18699186991869918,0.8333333333333334,0.42105263157894735,0
0.0,138816.0,0.18333333333333332,0.0,0.0,0
0.0,183960.0,0.20588235294117646,0.0,0.0,0
0.0,140184.0,0.21739130434782608,0.0,0.0,0
2.0,10.0,0.4117647058823529,1.0,2.0,1
4.0,178224.0,0.2222222222222222,1.03125,2.5,0
4.0,145752.0,0.18181818181818182,0.9777777777777777,0.9,0
0.0,137427.55,0.19444444444444445,1.0,0.6,0
0.0,151800.0,0.1864406779661017,1.5,0.4,0
0.0,184080.0,0.19718309859154928,0.0,0.0,0
0.0,61368.0,0.2,0.0,0.0,0
0.0,10.0,0.21818181818181817,0.0,0.0,0
8.0,130714.06666666667,0.2,0.9795918367346939,0.05555555555555555,0
0.0,148104.0,0.17543859649122806,0.4166666666666667,1.25,0
4.0,168144.0,0.1797752808988764,1.4285714285714286,4.0,0
0.0,139896.0,0.14545454545454545,0.0,0.0,0
4.0,138768.0,0.21818181818181817,1.0,2.5,0
0.0,116805.03333333334,0.21951219512195122,1.25,0.25,0
4.0,111096.0,0.1951219512195122,0.9230769230769231,0.2,0
6.0,170880.0,0.17142857142857143,0.8333333333333334,0.3181818181818182,0
0.0,43512.0,0.20512820512820512,1.1428571428571428,0.6428571428571429,0
0.0,131448.0,0.16923076923076924,0.0,0.0,0
2.0,91296.0,0.26,1.0377358490566038,2.0,1
0.0,149136.0,0.17647058823529413,0.0,0.0,0
2.0,91296.0,0.2631578947368421,1.0192307692307692,1.0,1
6.0,184148.43333333332,0.16666666666666666,0.9459459459459459,0.47619047619047616,0
0.0,165072.0,0.175,0.0,0.0,0
6.0,10.0,0.23076923076923078,1.4610169491525424,0.03571428571428571,0
4.0,77232.0,0.24242424242424243,1.0,4.0,0
4.0,140544.0,0.18571428571428572,0.875,1.4285714285714286,0
0.0,69768.0,0.19801980198019803,1.3333333333333333,1.0,1
6.0,183336.0,0.18032786885245902,0.7314814814814815,3.0,0
0.0,159792.0,0.2692307692307692,0.4,1.2,1
2.0,160536.0,0.21212121212121213,0.9459459459459459,3.0,0
0.0,175344.0,0.3,0.0,0.0,0
0.0,51216.0,0.20634920634920634,0.0,0.0,0
0.0,78048.0,0.2,0.0,0.0,0
0.0,181128.0,0.25,0.0,0.0,0
2.0,85488.0,0.21951219512195122,1.0416666666666667,2.0,0
4.0,130714.06666666667,0.25,0.9705882352941176,0.38095238095238093,0
2.0,10.0,0.2727272727272727,1.3,1.3333333333333333,0
0.0,114000.0,0.2,1.25,0.25,0
0.0,61128.0,0.19444444444444445,0.5555555555555556,0.8571428571428571,0
0.0,133248.0,0.14925373134328357,1.0,1.3333333333333333,0
0.0,94968.0,0.140625,1.4,0.6666666666666666,0
4.0,122760.0,0.17647058823529413,0.9,5.0,1
4.0,157872.0,0.2,0.6666666666666666,0.6,0
0.0,175224.0,0.21621621621621623,1.0,0.3333333333333333,0
2.0,70152.0,0.168141592920354,1.8888888888888888,2.0,0
0.0,112824.0,0.17857142857142858,0.8,0.5,0
0.0,120816.0,0.1875,0.0,0.0,0
0.0,135936.0,0.2727272727272727,1.125,0.375,0
