URL_LENGTH,NUMBER_SPECIAL_CHARACTERS,CHARSET,SERVER,WHOIS_COUNTRY,WHOIS_STATEPRO,TCP_CONVERSATION_EXCHANGE,DIST_REMOTE_TCP_PORT,REMOTE_IPS,APP_BYTES,SOURCE_APP_PACKETS,REMOTE_APP_PACKETS,SOURCE_APP_BYTES,REMOTE_APP_BYTES,DNS_QUERY_TIMES,Type
17,6,0,159,35,4,31,22,3,3812,39,37,18784,4380,8.0,0
18,7,1,159,28,66,11,6,9,894,11,13,838,894,0.0,0
18,6,2,13,35,23,12,0,3,1189,14,13,8559,1327,2.0,0
19,6,3,87,35,32,0,0,0,0,0,0,0,0,0.0,0
20,6,4,6,35,49,0,0,0,0,0,0,0,0,0.0,0
20,6,3,87,35,23,0,0,0,0,0,0,0,0,0.0,0
21,7,2,159,27,97,6,0,2,603,8,9,1580,745,2.0,1
22,7,3,87,35,23,9,0,4,850,11,9,1354,994,2.0,1
22,6,4,189,35,20,39,29,6,3833,43,42,22495,4125,4.0,0
22,6,2,159,35,133,8,6,6,696,8,10,636,696,0.0,0
22,7,4,72,2,146,12,0,2,2259,16,12,5165,2559,4.0,0
22,6,1,173,35,32,6,0,3,650,10,10,1417,950,4.0,0
22,6,0,6,35,102,0,0,0,0,0,0,0,0,0.0,0
22,6,0,173,35,134,0,0,0,0,0,0,0,0,0.0,0
22,6,4,159,6,7,0,0,0,0,0,0,0,0,0.0,0
23,6,4,6,35,32,16,3,11,1696,18,20,13422,1844,2.0,0
23,6,2,50,24,110,0,0,0,0,0,0,0,0,0.0,0
23,6,1,110,35,105,10,0,5,1186,14,15,1900,1476,4.0,0
23,6,0,173,16,12,43,4,4,5738,47,50,56926,6046,4.0,0
23,6,2,6,35,20,8,0,2,723,10,11,1837,871,2.0,0
23,6,0,6,6,3,40,17,16,3285,46,45,12003,3729,6.0,0
24,9,2,6,16,132,7,0,2,720,9,10,1269,868,2.0,1
24,7,4,159,35,86,14,6,6,1907,18,18,5601,2171,4.0,0
24,6,3,87,6,170,6,4,4,564,6,8,508,564,0.0,0
24,8,2,28,35,55,19,2,4,2131,23,23,9471,2441,4.0,0
24,6,4,185,6,100,12,2,7,984,16,16,1839,1292,4.0,0
24,6,2,13,35,90,19,5,9,1390,21,25,3890,1540,2.0,0
24,6,1,6,24,110,23,3,15,2485,27,28,9332,2799,4.0,0
25,6,4,36,6,19,0,0,0,0,0,0,0,0,0.0,0
25,7,4,159,35,86,0,0,0,0,0,0,0,0,0.0,0
25,6,1,159,35,86,0,0,0,0,0,0,0,0,0.0,0
25,6,3,90,35,71,5,2,4,474,5,4,250,474,0.0,0
25,6,1,6,35,26,12,0,5,1327,16,17,14050,1615,4.0,0
25,6,0,6,35,20,36,17,9,4737,42,35,10343,5173,6.0,0
25,6,1,6,12,151,0,0,0,0,0,0,0,0,0.0,0
25,6,3,87,35,23,0,0,0,0,0,0,0,0,0.0,0
25,6,0,6,35,26,0,0,0,0,0,0,0,0,0.0,0
26,7,0,173,35,127,24,0,3,2508,30,30,21098,2992,6.0,1
26,7,0,56,12,150,9,0,4,842,11,12,2101,994,2.0,1
26,7,0,56,12,150,7,0,2,722,11,10,2000,1016,4.0,1
26,7,0,56,12,150,7,0,2,722,11,9,1913,1036,4.0,1
26,6,4,159,35,51,0,0,0,0,0,0,0,0,0.0,0
26,7,1,110,35,59,0,0,0,0,0,0,0,0,0.0,0
26,6,1,159,6,100,0,0,0,0,0,0,0,0,0.0,0
26,6,2,6,24,110,0,0,0,0,0,0,0,0,0.0,0
26,7,4,159,35,86,26,19,5,2727,30,19,5765,2991,4.0,0
26,6,0,173,35,79,9,7,4,702,9,10,696,702,0.0,0
26,6,2,13,35,32,43,0,2,3252,47,47,60076,3564,4.0,0
26,7,4,159,35,86,46,12,11,3783,50,18,5605,4047,4.0,0
26,7,4,159,35,86,21,8,9,2373,25,27,6199,2637,4.0,0
26,6,4,110,35,154,7,0,2,984,11,12,1650,1300,4.0,0
26,6,0,173,35,28,0,0,0,0,0,0,0,0,0.0,0
26,6,1,110,35,109,0,0,0,0,0,0,0,0,0.0,0
26,6,1,159,35,53,0,0,0,0,0,0,0,0,0.0,0
26,6,4,173,35,13,0,0,0,0,0,0,0,0,0.0,0
27,7,1,29,12,150,38,0,3,4207,44,45,39662,4679,6.0,1
27,7,1,6,35,109,9,0,1,1838,11,13,4524,1992,2.0,1
27,8,1,159,35,149,0,0,0,0,0,0,0,0,0.0,0
27,6,3,87,35,23,0,0,0,0,0,0,0,0,0.0,0
27,6,4,189,35,127,3,3,1,366,3,5,306,366,0.0,0
27,6,1,22,2,120,40,13,14,3781,46,44,34101,4253,6.0,0
27,7,0,6,35,32,0,0,0,0,0,0,0,0,0.0,0
28,9,1,22,27,64,5,0,1,592,7,9,1062,732,2.0,1
28,7,3,87,35,32,5,0,2,556,9,9,1154,860,4.0,1
28,8,4,159,37,136,0,0,0,0,0,0,0,0,0.0,0
28,7,0,110,22,108,0,0,0,0,0,0,0,0,0.0,0
28,7,0,110,22,108,8,4,6,696,8,10,634,696,0.0,0
28,6,3,90,35,113,5,3,3,474,5,6,364,474,0.0,0
28,7,4,6,6,100,21,7,5,2830,29,25,6137,3400,8.0,0
28,6,1,6,16,139,14,9,2,2094,14,12,8019,2094,0.0,0
28,7,1,59,35,77,17,12,3,2314,23,27,21419,2740,6.0,0
28,7,1,80,35,20,66,5,11,6311,70,64,63634,6633,4.0,0
28,6,2,55,35,32,28,5,8,2324,30,33,24662,2482,2.0,0
28,8,1,6,35,13,6,0,3,632,8,8,593,776,2.0,0
28,6,4,96,35,86,0,0,0,0,0,0,0,0,0.0,0
28,6,1,159,35,26,0,0,0,0,0,0,0,0,0.0,0
29,7,0,6,35,59,34,0,2,2934,40,40,34995,3416,6.0,1
29,7,3,87,33,165,5,0,2,593,7,8,1128,751,2.0,1
29,6,0,6,35,20,0,0,0,0,0,0,0,0,0.0,0
29,8,0,6,35,20,0,0,0,0,0,0,0,0,0.0,0
29,6,1,6,35,42,0,0,0,0,0,0,0,0,0.0,0
29,7,4,159,35,86,0,0,0,0,0,0,0,0,0.0,0
29,6,2,58,35,75,0,0,0,0,0,0,0,0,0.0,0
29,6,1,29,18,106,0,0,0,0,0,0,0,0,0.0,0
29,7,2,31,6,116,0,0,0,0,0,0,0,0,0.0,0
29,6,3,87,35,73,12,8,6,900,12,9,568,900,0.0,0
29,7,1,28,6,3,709,708,3,2362906,709,837,83056,2362906,0.0,0
29,6,1,6,35,20,5,4,2,486,5,7,542,486,0.0,0
29,6,0,6,35,70,15,8,7,1134,15,9,605,1134,0.0,0
29,6,2,173,35,126,5,3,3,486,5,7,436,486,0.0,0
29,8,1,57,35,134,17,9,10,1249,17,15,1062,1249,0.0,0
29,7,0,6,35,20,32,21,8,4561,38,36,10429,4997,6.0,0
29,8,1,80,35,20,33,6,5,3533,37,35,46688,3859,4.0,0
29,8,1,105,8,157,28,0,5,3183,36,33,24455,3777,8.0,0
29,6,1,54,35,13,21,6,11,1515,23,18,1334,1675,2.0,0
29,6,4,22,35,90,24,1,3,2195,29,30,55576,2515,4.0,0
29,6,2,6,35,93,0,0,0,0,0,0,0,0,0.0,0
29,8,3,87,2,117,0,0,0,0,0,0,0,0,0.0,0
29,6,0,173,6,100,0,0,0,0,0,0,0,0,0.0,0
30,6,2,69,35,55,0,0,0,0,0,0,0,0,0.0,0
30,7,4,159,35,86,14,9,3,1918,18,17,5546,2182,4.0,0
30,6,0,6,35,20,22,17,2,3914,28,27,9833,4350,6.0,0
30,6,1,6,35,134,2,2,1,276,2,4,250,276,0.0,0
30,6,1,159,35,32,15,2,6,1528,19,17,5586,1860,4.0,0
30,6,3,87,35,81,90,6,14,8646,92,100,95659,8808,2.0,0
30,7,0,6,35,20,31,26,2,4412,37,37,27412,4848,6.0,0
30,7,4,5,35,13,23,1,10,1902,27,26,2764,2194,4.0,0
30,7,0,11,35,36,48,3,6,3418,52,48,57377,3706,4.0,0
30,8,1,110,35,20,0,0,0,0,0,0,0,0,0.0,0
30,7,0,6,35,20,0,0,0,0,0,0,0,0,0.0,0
31,7,3,90,35,20,7,0,2,707,11,11,1018,1031,4.0,1
31,8,4,1,35,20,0,0,0,0,0,0,0,0,0.0,0
31,7,0,6,35,20,0,0,0,0,0,0,0,0,0.0,0
31,8,4,6,35,63,0,0,0,0,0,0,0,0,0.0,0
31,7,4,76,6,100,4,3,2,432,4,6,372,432,0.0,0
31,8,2,22,16,40,5,0,1,593,9,9,955,929,4.0,0
31,7,4,159,35,86,28,13,13,2773,32,32,6566,3037,4.0,0
31,7,1,24,35,32,27,0,3,2743,33,33,43878,3181,6.0,0
31,6,3,90,35,75,23,1,4,2262,29,28,16553,2736,6.0,0
31,8,3,87,35,32,103,0,3,7073,105,113,179439,7217,2.0,0
31,6,1,6,35,59,13,8,8,1355,16,16,1145,1519,2.0,0
31,7,4,6,35,20,0,0,0,0,0,0,0,0,0.0,0
31,6,0,6,35,20,0,0,0,0,0,0,0,0,0.0,0
31,7,2,13,35,134,0,0,0,0,0,0,0,0,0.0,0
32,8,1,102,35,149,0,0,0,0,0,0,0,0,0.0,0
32,8,0,6,35,20,0,0,0,0,0,0,0,0,0.0,0
32,6,1,6,6,159,0,0,0,0,0,0,0,0,0.0,0
32,7,1,159,35,86,0,0,0,0,0,0,0,0,0.0,0
32,7,1,159,35,20,14,10,2,2000,20,20,9588,2498,6.0,0
32,8,4,90,34,38,5,3,2,474,5,7,426,474,0.0,0
32,7,1,6,35,45,94,0,4,11902,102,121,173484,12492,8.0,0
32,6,2,68,35,49,6,3,4,564,6,7,442,564,0.0,0
32,8,2,6,30,1,8,1,4,816,10,13,1541,958,2.0,0
32,7,2,39,35,63,71,0,3,10999,73,70,88707,11147,2.0,0
32,7,4,6,35,20,43,26,14,4214,49,28,9246,4650,6.0,0
32,8,1,102,35,149,36,0,2,3185,40,40,50608,3465,4.0,0
32,8,1,102,35,149,24,2,4,1888,28,25,40314,2168,4.0,0
32,7,1,80,35,20,38,2,5,4607,42,35,58676,4945,4.0,0
32,8,0,173,35,26,13,0,2,2065,17,16,7280,2349,4.0,0
33,7,4,110,35,86,0,0,0,0,0,0,0,0,0.0,0
33,8,1,102,35,149,0,0,0,0,0,0,0,0,0.0,0
33,6,2,6,18,35,0,0,0,0,0,0,0,0,0.0,0
33,6,4,46,6,16,0,0,0,0,0,0,0,0,0.0,0
33,8,4,167,35,26,0,0,0,0,0,0,0,0,0.0,0
33,7,2,6,18,106,0,0,0,0,0,0,0,0,0.0,0
33,8,1,102,35,149,52,7,8,3438,56,51,46498,3718,4.0,0
33,6,4,6,35,134,7,5,4,606,7,6,474,606,0.0,0
33,8,1,123,35,20,32,11,6,3694,40,32,11543,4286,8.0,0
33,7,1,80,35,20,4,2,3,408,4,6,382,408,0.0,0
33,6,1,44,35,13,8,4,5,660,8,9,556,660,0.0,0
33,6,0,10,35,32,5,4,2,486,5,7,542,486,0.0,0
33,8,1,102,35,149,10,4,4,816,10,6,476,816,0.0,0
33,6,1,90,35,5,24,1,4,3375,28,30,18396,3703,4.0,0
33,7,1,83,35,86,105,98,7,8692,111,130,179133,9172,6.0,0
33,6,0,6,35,20,0,0,0,0,0,0,0,0,0.0,0
34,9,0,110,38,52,26,0,3,3569,32,31,10750,4037,6.0,1
34,6,1,173,35,57,0,0,0,0,0,0,0,0,0.0,0
34,8,4,167,35,26,0,0,0,0,0,0,0,0,0.0,0
34,7,0,41,6,7,0,0,0,0,0,0,0,0,0.0,0
34,7,1,159,35,20,0,0,0,0,0,0,0,0,0.0,0
34,7,4,47,35,148,6,3,4,552,6,9,564,552,0.0,0
34,7,4,159,6,100,8,6,5,696,8,10,636,696,0.0,0
34,7,1,110,16,60,3,3,1,366,3,5,306,366,0.0,0
34,9,0,81,35,149,4,3,2,432,4,5,310,432,0.0,0
34,7,1,80,35,20,42,0,3,4895,46,45,39544,5241,4.0,0
34,9,0,37,35,26,21,0,5,2292,23,24,16147,2450,2.0,0
34,6,0,6,35,20,24,20,2,4372,31,33,13095,4808,6.0,0
34,8,0,159,35,20,7,0,2,716,11,10,1979,1030,4.0,0
34,7,0,159,35,93,23,3,11,2042,29,29,7939,2520,6.0,0
34,7,4,86,35,134,0,0,0,0,0,0,0,0,0.0,0
34,7,0,6,35,20,0,0,0,0,0,0,0,0,0.0,0
34,6,3,90,35,13,0,0,0,0,0,0,0,0,0.0,0
35,11,1,6,6,100,18,0,2,2102,20,21,20976,2252,2.0,1
35,8,0,110,38,52,15,1,2,1850,21,23,2970,2302,6.0,1
35,9,0,78,20,37,0,0,0,0,0,0,0,0,0.0,0
35,8,1,148,35,20,0,0,0,0,0,0,0,0,0.0,0
35,8,4,167,35,26,0,0,0,0,0,0,0,0,0.0,0
35,8,1,102,35,149,21,1,4,2435,25,25,39924,2715,4.0,0
35,9,3,87,35,20,49,10,6,2961,53,61,38255,3261,4.0,0
35,9,4,159,37,136,4,3,2,420,4,4,244,420,0.0,0
35,7,4,159,35,86,3,3,1,366,3,4,244,366,0.0,0
35,9,1,6,35,13,4,3,2,432,4,6,372,432,0.0,0
35,10,4,1,35,20,10,9,4,756,10,12,861,756,0.0,0
35,7,1,104,6,100,8,6,6,696,8,5,306,696,0.0,0
35,8,1,102,35,149,21,12,12,1446,21,24,1788,1446,0.0,0
35,6,3,87,35,109,23,8,5,3087,29,27,19078,3535,6.0,0
35,7,1,80,35,20,45,3,7,3507,49,46,42286,3857,4.0,0
35,8,1,102,35,149,37,0,3,3263,43,42,52720,3697,6.0,0
35,7,1,80,35,20,41,6,4,4769,45,42,69898,5119,4.0,0
35,8,0,6,1,15,32,5,8,2965,36,39,37146,3279,4.0,0
35,7,4,6,35,86,0,0,0,0,0,0,0,0,0.0,0
35,8,1,102,35,149,27,1,5,2771,31,33,36261,3051,4.0,0
35,8,0,6,1,15,0,0,0,0,0,0,0,0,0.0,0
36,8,0,110,38,52,6,0,4,372,8,10,703,520,2.0,1
36,8,0,159,35,20,0,0,0,0,0,0,0,0,0.0,0
36,7,0,173,35,49,0,0,0,0,0,0,0,0,0.0,0
36,6,0,173,35,20,0,0,0,0,0,0,0,0,0.0,0
36,7,3,87,35,30,0,0,0,0,0,0,0,0,0.0,0
36,8,0,159,8,171,18,2,8,1432,20,27,2113,1572,2.0,0
36,8,1,6,18,106,14,10,6,1096,16,19,1294,1246,2.0,0
36,7,1,159,35,20,3,3,1,366,3,4,244,366,0.0,0
36,8,1,158,35,20,5,3,3,498,5,7,438,498,0.0,0
36,8,0,45,35,109,5,3,2,474,5,5,306,474,0.0,0
36,7,4,6,35,20,61,7,6,6100,65,79,123896,6388,4.0,0
36,8,1,152,35,20,85,73,9,7506,91,96,107416,7962,6.0,0
36,7,0,110,35,20,14,7,5,1060,16,18,5214,1234,2.0,0
36,7,2,14,35,131,12,0,4,1331,16,13,4860,1631,4.0,0
36,7,1,6,35,9,17,0,4,2319,21,21,14373,2615,4.0,0
36,8,1,6,34,136,0,0,0,0,0,0,0,0,0.0,0
36,7,1,80,35,20,0,0,0,0,0,0,0,0,0.0,0
37,10,1,6,9,111,49,0,1,3505,51,53,66214,3657,2.0,1
37,9,5,8,35,53,2,0,2,128,4,5,407,276,2.0,1
37,9,0,159,8,161,1,0,1,66,3,4,404,206,2.0,1
37,10,0,159,8,166,12,0,2,1961,16,14,2991,2245,4.0,1
37,7,4,36,6,19,0,0,0,0,0,0,0,0,0.0,0
37,7,0,17,35,26,0,0,0,0,0,0,0,0,0.0,0
37,7,2,58,35,75,0,0,0,0,0,0,0,0,0.0,0
37,9,0,6,1,15,0,0,0,0,0,0,0,0,0.0,0
37,10,4,6,35,26,0,0,0,0,0,0,0,0,0.0,0
37,8,3,87,35,95,0,0,0,0,0,0,0,0,0.0,0
37,9,4,164,35,20,0,0,0,0,0,0,0,0,0.0,0
37,8,4,110,35,26,0,0,0,0,0,0,0,0,0.0,0
37,9,4,31,35,26,23,5,8,1674,23,11,696,1674,0.0,0
37,9,4,159,37,136,11,10,7,834,11,14,882,834,0.0,0
37,7,0,2,35,55,6,5,2,540,6,8,535,540,0.0,0
37,8,1,6,35,20,8,5,5,648,8,11,739,648,0.0,0
37,7,1,188,35,86,4,0,3,268,6,6,557,444,2.0,0
37,8,1,159,35,13,44,0,4,3767,48,48,129181,4079,4.0,0
37,8,0,159,35,98,16,1,6,1607,22,18,1690,2055,6.0,0
37,9,1,159,25,68,15,6,7,1283,17,15,2201,1425,2.0,0
37,8,4,177,35,86,68,6,7,5207,70,88,247488,5345,2.0,0
37,9,4,1,35,20,18,5,10,2248,26,28,3605,2890,8.0,0
37,8,4,38,35,13,0,0,0,0,0,0,0,0,0.0,0
37,7,1,80,35,20,0,0,0,0,0,0,0,0,0.0,0
38,10,2,13,6,100,14,4,6,888,14,5,316,888,0.0,1
38,9,0,18,35,140,15,0,2,2342,21,15,7249,2806,6.0,1
38,9,0,18,35,140,19,1,3,2594,25,25,7997,3058,6.0,1
38,9,0,21,35,55,0,0,0,0,0,0,0,0,0.0,0
38,8,1,110,35,93,0,0,0,0,0,0,0,0,0.0,0
38,8,4,159,37,136,0,0,0,0,0,0,0,0,0.0,0
38,9,4,6,35,63,19,0,3,1851,23,23,15551,2143,4.0,0
38,9,0,6,35,20,0,0,0,0,0,0,0,0,0.0,0
38,9,4,164,35,20,0,0,0,0,0,0,0,0,0.0,0
38,8,2,13,35,20,0,0,0,0,0,0,0,0,0.0,0
38,7,3,87,35,81,0,0,0,0,0,0,0,0,0.0,0
38,9,1,80,35,20,0,0,0,0,0,0,0,0,0.0,0
38,8,1,6,35,61,13,13,9,1002,13,16,1012,1002,0.0,0
38,7,1,6,35,86,4,3,2,432,4,4,244,432,0.0,0
38,8,1,102,35,81,3,2,2,330,3,5,306,330,0.0,0
38,9,4,1,35,20,46,17,7,5306,54,42,39325,5906,8.0,0
38,8,3,87,35,137,23,7,7,1967,29,24,6542,2417,6.0,0
38,7,3,87,2,84,13,7,7,1068,15,13,1006,1216,2.0,0
38,6,1,101,35,32,58,40,3,8165,66,77,54909,8787,8.0,0
38,8,1,6,35,20,23,12,8,3099,27,28,7395,3439,4.0,0
38,8,4,53,35,32,16,0,3,1879,22,20,8768,2307,6.0,0
38,9,1,66,35,32,35,30,2,4047,41,53,54041,4497,6.0,0
38,7,0,17,35,26,20,0,3,1578,24,24,20606,1890,4.0,0
38,7,1,80,35,20,42,20,4,4268,50,40,40666,4998,8.0,0
38,8,4,110,35,20,0,0,0,0,0,0,0,0,0.0,0
38,7,1,80,35,20,44,0,4,5064,50,42,35677,5586,6.0,0
38,9,2,26,35,20,0,0,0,0,0,0,0,0,0.0,0
38,7,1,80,35,20,0,0,0,0,0,0,0,0,0.0,0
38,9,3,110,35,13,0,0,0,0,0,0,0,0,0.0,0
39,9,0,18,35,140,20,0,2,2976,26,23,7783,3440,6.0,1
39,8,4,108,35,20,0,0,0,0,0,0,0,0,0.0,0
39,7,1,22,2,92,0,0,0,0,0,0,0,0,0.0,0
39,9,4,108,35,20,0,0,0,0,0,0,0,0,0.0,0
39,8,2,6,35,153,0,0,0,0,0,0,0,0,0.0,0
39,9,1,159,35,13,0,0,0,0,0,0,0,0,0.0,0
39,8,4,171,35,32,0,0,0,0,0,0,0,0,0.0,0
39,8,2,81,35,149,0,0,0,0,0,0,0,0,0.0,0
39,7,1,80,35,20,0,0,0,0,0,0,0,0,0.0,0
39,7,4,6,35,23,0,0,0,0,0,0,0,0,0.0,0
39,8,4,159,35,105,0,0,0,0,0,0,0,0,0.0,0
39,8,1,80,35,20,0,0,0,0,0,0,0,0,0.0,0
39,7,1,6,35,86,0,0,0,0,0,0,0,0,0.0,0
39,8,4,108,35,20,61,52,4,7271,71,68,60586,8017,10.0,0
39,10,4,108,35,20,0,0,0,0,0,0,0,0,0.0,0
39,8,4,108,35,20,16,7,3,2241,22,20,6701,2683,6.0,0
39,8,4,108,35,20,64,48,8,6413,72,68,58285,7005,8.0,0
39,8,4,108,35,20,2,2,1,276,2,4,244,276,0.0,0
39,8,4,108,35,20,16,6,4,1224,16,4,244,1224,0.0,0
39,8,4,108,35,20,34,24,7,5528,34,22,7472,5528,0.0,0
39,8,4,108,35,20,6,2,3,492,6,3,184,492,0.0,0
39,8,4,108,35,20,5,3,2,498,5,7,438,498,0.0,0
39,8,4,108,35,20,22,9,10,1524,22,11,702,1524,0.0,0
39,8,4,108,35,20,2,2,1,276,2,4,246,276,0.0,0
39,9,4,1,35,20,3,3,1,366,3,5,306,366,0.0,0
39,8,4,108,35,20,18,7,11,1308,18,16,1030,1308,0.0,0
39,9,0,159,35,103,8,4,6,684,8,12,762,684,0.0,0
39,10,4,110,35,13,12,5,5,912,12,4,244,912,0.0,0
39,7,2,6,6,100,11,5,5,894,11,10,634,894,0.0,0
39,9,4,108,35,20,9,8,6,714,9,11,788,714,0.0,0
39,9,4,108,35,20,25,11,4,3771,33,32,11756,4385,8.0,0
39,8,0,6,1,15,10,2,7,927,14,20,2926,1241,4.0,0
39,8,4,108,35,20,23,6,10,2679,29,26,7080,3121,6.0,0
39,9,4,108,35,20,63,54,5,6884,73,70,57005,7630,10.0,0
39,7,4,22,20,37,9,0,1,865,11,12,19264,1045,2.0,0
39,9,0,159,35,103,40,11,12,6028,46,46,20061,6502,6.0,0
39,8,4,108,35,20,44,36,6,5129,52,68,59068,5721,8.0,0
39,6,0,165,21,121,71,67,7,7582,79,73,82537,8282,8.0,0
39,8,3,87,31,130,12,6,9,1063,14,16,1287,1213,2.0,0
39,8,0,186,35,167,24,13,8,2750,30,32,9290,3190,6.0,0
39,9,3,110,35,13,23,17,8,1970,27,26,2183,2262,4.0,0
39,8,4,108,35,20,69,60,5,8450,81,80,68036,9350,12.0,0
39,9,4,108,35,20,64,56,5,7076,74,71,63630,7822,10.0,0
39,10,1,29,35,13,13,3,7,1313,17,18,1612,1605,4.0,0
39,9,4,108,35,20,62,50,5,6269,70,65,54988,6861,8.0,0
39,10,4,108,35,20,57,49,5,5951,65,64,56509,6543,8.0,0
39,9,0,170,35,36,35,0,2,3234,38,38,129083,3384,2.0,0
39,8,4,108,35,20,60,51,4,6503,69,66,58109,7095,8.0,0
39,8,0,103,35,55,0,0,0,0,0,0,0,0,0.0,0
39,8,4,108,35,20,66,56,7,8252,78,77,61807,9152,12.0,0
39,9,1,6,24,112,0,0,0,0,0,0,0,0,0.0,0
39,8,1,13,24,112,0,0,0,0,0,0,0,0,0.0,0
39,9,0,173,6,124,0,0,0,0,0,0,0,0,0.0,0
40,9,0,18,35,140,19,0,2,2610,25,22,7715,3074,6.0,1
40,9,1,7,35,162,0,0,0,0,0,0,0,0,0.0,0
40,9,1,152,35,20,0,0,0,0,0,0,0,0,0.0,0
40,7,1,80,35,20,0,0,0,0,0,0,0,0,0.0,0
40,10,4,107,35,13,0,0,0,0,0,0,0,0,0.0,0
40,7,1,6,35,20,0,0,0,0,0,0,0,0,0.0,0
40,9,1,6,35,20,8,0,2,1016,12,14,1612,1324,4.0,0
40,9,4,110,35,23,0,0,0,0,0,0,0,0,0.0,0
40,8,2,110,11,11,0,0,0,0,0,0,0,0,0.0,0
40,9,0,6,2,120,0,0,0,0,0,0,0,0,0.0,0
40,12,1,6,35,20,0,0,0,0,0,0,0,0,0.0,0
40,11,4,159,35,86,0,0,0,0,0,0,0,0,0.0,0
40,10,1,125,35,20,7,4,3,630,7,5,310,630,0.0,0
40,7,1,80,35,20,3,3,1,366,3,5,306,366,0.0,0
40,9,1,138,35,20,14,12,5,1092,14,4,244,1092,0.0,0
40,9,3,87,35,89,3,3,1,366,3,5,306,366,0.0,0
40,8,1,32,35,93,156,17,12,23383,162,206,295213,23877,6.0,0
40,9,2,6,35,26,5,3,3,486,5,4,244,486,0.0,0
40,7,0,84,2,147,24,6,4,1784,26,27,23886,1950,2.0,0
40,9,4,1,35,20,8,1,3,1088,14,13,2036,1524,6.0,0
40,9,0,45,35,63,21,0,2,2021,23,25,26799,2165,2.0,0
40,6,3,87,35,109,22,0,2,1724,24,26,38477,1886,2.0,0
40,9,4,179,35,20,26,1,3,4229,30,36,32381,4517,4.0,0
40,9,1,90,35,98,56,4,8,4551,60,59,67881,4843,4.0,0
40,9,4,6,35,63,24,0,9,2112,28,29,16019,2404,4.0,0
40,8,0,159,35,149,16,5,5,1615,20,23,25358,1931,4.0,0
40,8,1,159,35,86,20,5,9,2948,24,27,5557,3248,4.0,0
40,7,1,80,35,20,38,1,3,2995,44,37,41717,3531,6.0,0
40,9,0,110,35,81,0,0,0,0,0,0,0,0,0.0,0
40,9,4,160,35,32,0,0,0,0,0,0,0,0,0.0,0
40,9,4,1,35,20,0,0,0,0,0,0,0,0,0.0,0
41,10,0,18,35,140,24,0,2,4034,30,26,12486,4498,6.0,1
41,8,4,159,35,105,0,0,0,0,0,0,0,0,0.0,0
41,8,4,6,35,63,0,0,0,0,0,0,0,0,0.0,0
41,9,1,173,35,113,0,0,0,0,0,0,0,0,0.0,0
41,8,3,87,12,174,0,0,0,0,0,0,0,0,0.0,0
41,10,4,186,35,86,0,0,0,0,0,0,0,0,0.0,0
41,9,1,147,35,20,0,0,0,0,0,2,124,0,0.0,0
41,9,1,125,35,20,3,3,1,366,3,4,244,366,0.0,0
41,9,0,6,35,67,7,5,5,630,7,7,442,630,0.0,0
41,9,1,6,35,13,5,3,3,576,6,8,522,576,0.0,0
41,7,0,190,35,32,20,0,2,1895,22,24,13792,2055,2.0,0
41,8,1,6,24,110,8,0,1,1078,12,12,1532,1390,4.0,0
41,9,1,120,35,20,34,27,3,4891,42,37,37001,5499,8.0,0
41,7,2,6,35,109,18,0,3,1868,22,23,18348,2202,4.0,0
41,8,3,90,35,49,10,3,5,1202,14,16,1335,1500,4.0,0
41,8,1,6,35,142,26,0,8,2657,30,35,34427,2991,4.0,0
41,10,2,6,35,13,8,3,8,552,8,5,420,552,0.0,0
41,8,1,102,35,149,40,12,6,3079,44,53,38924,3359,4.0,0
41,10,4,186,35,86,10,1,4,1198,16,16,2763,1616,6.0,0
41,9,0,6,2,120,101,41,5,10813,110,101,142735,11423,8.0,0
41,10,1,7,12,54,0,0,0,0,0,0,0,0,0.0,0
41,9,0,6,2,120,0,0,0,0,0,0,0,0,0.0,0
42,10,0,18,35,140,24,0,2,4035,30,25,12416,4499,6.0,1
42,10,0,18,35,140,25,0,2,4101,31,28,12614,4565,6.0,1
42,10,0,18,35,140,23,0,2,3969,29,24,12354,4433,6.0,1
42,8,0,6,35,13,15,0,6,1980,19,17,5911,2334,4.0,1
42,7,4,62,35,32,51,11,7,4601,57,55,45279,5103,6.0,0
42,8,4,57,16,50,0,0,0,0,0,0,0,0,0.0,0
42,7,4,166,6,16,0,0,0,0,0,0,0,0,0.0,0
42,10,1,159,35,13,0,0,0,0,0,0,0,0,0.0,0
42,8,1,6,6,100,0,0,0,0,0,0,0,0,0.0,0
42,8,1,57,6,119,0,0,0,0,0,0,0,0,0.0,0
42,10,4,110,35,13,0,0,0,0,0,0,0,0,0.0,0
42,9,1,143,35,20,0,0,0,0,0,0,0,0,0.0,0
42,8,4,164,35,20,0,0,0,0,0,0,0,0,0.0,0
42,11,1,159,35,13,0,0,0,0,0,0,0,0,0.0,0
42,9,0,159,35,103,0,0,0,0,0,0,0,0,0.0,0
42,9,0,7,35,20,4,3,2,432,4,5,310,432,0.0,0
42,7,0,6,35,46,6,4,4,528,6,8,612,528,0.0,0
42,8,1,159,2,78,5,3,3,498,5,6,376,498,0.0,0
42,8,1,6,34,136,33,0,5,2706,37,35,41737,2982,4.0,0
42,9,0,6,2,120,15,6,10,950,17,18,1327,1110,2.0,0
42,7,4,189,35,42,19,15,3,2864,23,26,10465,3168,4.0,0
42,9,1,29,18,2,15,4,4,1540,19,21,25529,1844,4.0,0
42,9,1,29,28,96,5,0,3,334,7,6,412,474,2.0,0
42,7,1,80,35,20,71,9,13,7856,77,68,82332,8384,6.0,0
42,9,3,87,35,20,29,14,15,2767,33,27,3550,3073,4.0,0
42,8,1,22,2,84,14,0,3,1102,16,8,1015,1248,2.0,0
42,8,0,186,35,167,0,0,0,0,0,0,0,0,0.0,0
42,8,3,87,35,26,0,0,0,0,0,0,0,0,0.0,0
42,9,0,6,2,120,0,0,0,0,0,0,0,0,0.0,0
42,7,0,6,35,109,0,0,0,0,0,0,0,0,0.0,0
42,7,4,62,35,32,0,0,0,0,0,0,0,0,0.0,0
43,10,0,18,35,140,23,0,2,3970,29,27,12548,4434,6.0,1
43,10,0,78,39,154,8,0,1,1045,10,9,2806,1209,2.0,1
43,10,1,6,35,20,11,0,1,883,13,13,8893,1037,2.0,1
43,8,3,87,35,149,0,0,0,0,0,0,0,0,0.0,0
43,9,4,160,35,32,0,0,0,0,0,0,0,0,0.0,0
43,9,0,6,2,120,0,0,0,0,0,0,0,0,0.0,0
43,9,0,159,35,149,0,0,0,0,0,0,0,0,0.0,0
43,8,2,6,35,162,16,0,1,1151,18,19,24455,1305,2.0,0
43,8,0,50,35,36,0,0,0,0,0,0,0,0,0.0,0
43,8,4,159,12,114,15,6,5,1528,21,21,3023,1988,6.0,0
43,7,1,6,35,20,15,3,4,1110,15,4,244,1110,0.0,0
43,9,1,150,35,20,29,10,11,2022,29,12,803,2022,0.0,0
43,9,4,22,35,13,4,3,2,420,4,6,366,420,0.0,0
43,9,1,115,35,20,9,5,6,750,9,8,502,750,0.0,0
43,9,1,6,34,136,33,1,4,2756,37,37,41938,3032,4.0,0
43,9,4,106,35,20,83,2,3,6008,87,107,147266,6312,4.0,0
43,8,1,6,35,13,84,13,6,7403,86,71,117282,7549,2.0,0
43,9,0,110,6,119,20,4,7,1511,22,21,14430,1663,2.0,0
43,10,4,159,35,86,23,15,9,2479,27,24,6085,2743,4.0,0
43,7,3,87,35,109,17,7,3,2715,23,20,20139,3187,6.0,0
43,7,1,80,35,20,64,5,13,6081,69,71,63457,6463,4.0,0
43,10,1,99,35,32,0,0,0,0,0,0,0,0,0.0,0
43,9,1,124,35,20,0,0,0,0,0,0,0,0,0.0,0
43,10,4,92,35,23,0,0,0,0,0,0,0,0,0.0,0
44,10,0,18,35,140,22,0,2,3444,28,24,9819,3908,6.0,1
44,10,4,180,35,23,0,0,0,0,0,0,0,0,0.0,0
44,8,0,159,35,149,0,0,0,0,0,0,0,0,0.0,0
44,9,4,1,35,20,0,0,0,0,0,0,0,0,0.0,0
44,9,1,155,35,20,0,0,0,0,0,0,0,0,0.0,0
44,9,1,159,35,86,0,0,0,0,0,0,0,0,0.0,0
44,7,3,87,35,109,0,0,0,0,0,0,0,0,0.0,0
44,8,0,159,35,149,19,0,2,1809,23,23,26805,2125,4.0,0
44,9,0,159,35,103,6,4,3,640,6,8,606,640,0.0,0
44,10,4,6,6,100,6,6,3,540,6,8,539,540,0.0,0
44,9,1,129,35,20,39,19,10,2742,39,5,306,2742,0.0,0
44,7,1,6,35,13,14,7,12,1092,14,15,970,1092,0.0,0
44,8,0,90,35,149,40,6,5,4203,42,42,47931,4365,2.0,0
44,9,3,87,35,137,26,10,6,2512,32,33,7155,2982,6.0,0
44,9,1,119,35,20,40,35,2,5987,48,48,38230,6595,8.0,0
44,9,1,137,35,20,37,32,2,5805,45,41,40585,6413,8.0,0
44,9,4,6,6,100,157,2,5,11053,159,176,284743,11211,2.0,0
44,8,2,13,35,32,12,4,3,972,14,16,15901,1118,2.0,0
44,9,4,160,35,32,29,16,7,2326,33,25,3623,2626,4.0,0
44,8,1,63,35,20,71,1,6,5647,79,79,120385,6295,8.0,0
44,8,1,102,35,149,23,6,9,1942,27,25,15275,2222,4.0,0
44,9,0,159,35,103,53,21,8,7834,61,53,22947,8472,8.0,0
44,8,4,159,35,93,17,12,4,2401,23,23,19291,2827,6.0,0
44,10,0,57,35,23,16,3,4,1480,20,23,10665,1776,4.0,0
44,9,2,109,35,20,10,0,5,1197,14,15,1424,1503,4.0,0
44,8,1,102,35,149,18,0,3,2274,22,21,31811,2554,4.0,0
44,9,1,116,35,20,0,0,0,0,0,0,0,0,0.0,0
44,8,3,87,6,100,0,0,0,0,0,0,0,0,0.0,0
44,8,3,90,35,26,0,0,0,0,0,0,0,0,0.0,0
45,9,1,171,35,61,0,0,0,0,0,0,0,0,0.0,0
45,9,0,103,35,55,0,0,0,0,0,0,0,0,0.0,0
45,8,0,92,35,32,0,0,0,0,0,0,0,0,0.0,0
45,10,0,90,35,25,0,0,0,0,0,0,0,0,0.0,0
45,9,0,110,35,13,0,0,0,0,0,0,0,0,0.0,0
45,7,2,60,35,55,0,0,0,0,0,0,0,0,0.0,0
45,7,1,6,35,13,0,0,0,0,0,0,0,0,0.0,0
45,8,4,5,35,13,0,0,0,0,0,0,0,0,0.0,0
45,11,1,138,35,20,0,0,0,0,0,0,0,0,0.0,0
45,11,1,6,35,20,14,0,7,1201,18,17,4922,1495,4.0,0
45,8,4,79,35,86,8,4,3,660,8,6,476,660,0.0,0
45,11,1,95,35,74,10,9,8,780,10,12,805,780,0.0,0
45,9,4,169,22,83,4,0,2,541,6,7,579,689,2.0,0
45,9,4,6,6,100,185,0,2,13834,187,263,488313,13992,2.0,0
45,9,1,115,35,20,47,41,4,6464,55,53,39038,7072,8.0,0
45,8,2,58,35,75,44,0,2,4044,46,46,82259,4204,2.0,0
45,9,1,114,35,20,55,43,7,10205,69,56,38894,11305,14.0,0
45,9,1,152,35,20,40,35,2,4590,46,54,84636,5046,6.0,0
45,10,4,1,35,20,46,22,8,5308,54,51,40052,5902,8.0,0
45,8,2,6,2,144,3,0,1,198,3,3,186,198,0.0,0
45,9,1,6,35,55,19,0,2,1801,23,25,26643,2097,4.0,0
45,9,0,6,2,120,70,3,8,5631,77,65,82281,6091,6.0,0
45,9,3,87,35,137,28,10,9,2683,36,33,11690,3307,8.0,0
45,10,1,149,35,20,33,29,2,5852,42,39,37285,6460,8.0,0
45,8,0,6,35,154,26,16,5,3891,34,35,37000,4567,8.0,0
45,9,2,159,35,149,8,0,2,805,12,11,1087,1099,4.0,0
45,9,6,112,35,149,15,0,2,2730,19,23,9605,3046,4.0,0
45,7,1,173,35,86,9,0,5,1197,14,11,1532,1537,4.0,0
45,10,1,1,6,100,0,0,0,0,0,0,0,0,0.0,0
45,10,0,110,22,94,0,0,0,0,0,0,0,0,0.0,0
45,9,1,129,35,20,0,0,0,0,0,0,0,0,0.0,0
46,12,0,173,35,21,7,0,2,742,9,10,1263,890,2.0,1
46,11,1,141,35,20,0,0,0,0,0,0,0,0,0.0,0
46,9,0,90,35,149,0,0,0,0,0,0,0,0,0.0,0
46,11,1,156,35,20,46,42,2,6883,54,54,38056,7491,8.0,0
46,9,0,6,35,86,29,14,4,3416,35,35,17574,3858,6.0,0
46,10,1,95,35,74,0,0,0,0,0,0,0,0,0.0,0
46,9,0,159,35,13,0,0,0,0,0,0,0,0,0.0,0
46,9,4,159,35,86,0,0,0,0,0,0,0,0,0.0,0
46,8,1,72,35,149,7,6,4,606,7,8,496,606,0.0,0
46,10,2,6,18,106,5,3,3,498,5,8,504,498,0.0,0
46,10,1,46,35,70,20,6,10,1392,20,12,766,1392,0.0,0
46,9,1,145,35,20,6,4,4,564,6,8,504,564,0.0,0
46,9,1,1,35,20,50,40,5,5894,58,73,69918,6478,8.0,0
46,8,1,6,35,109,7,0,2,680,11,10,1363,1002,4.0,0
46,11,4,1,35,20,38,13,10,4509,48,52,35953,5267,10.0,0
46,10,4,167,35,88,24,2,10,3146,28,30,4258,3442,4.0,0
46,10,0,159,35,103,20,2,6,3089,24,24,7088,3391,4.0,0
46,8,1,159,35,20,15,8,6,2218,19,18,5203,2546,4.0,0
46,10,4,188,35,26,22,18,1,3331,28,27,62295,3739,6.0,0
46,11,0,159,35,103,44,11,7,6306,50,38,22528,6780,6.0,0
46,10,4,6,35,63,44,2,7,3516,48,36,33488,3808,4.0,0
46,10,0,159,35,103,21,0,3,4103,25,30,16662,4405,4.0,0
46,8,3,110,35,13,22,16,8,3094,26,27,7809,3414,4.0,0
46,8,2,43,35,61,125,0,1,8528,129,145,231799,8856,4.0,0
46,7,1,80,35,20,33,1,5,3244,43,41,24696,4114,10.0,0
46,9,1,22,2,92,197,0,3,13622,200,255,486769,13794,2.0,0
46,10,1,125,35,20,38,26,12,4376,44,47,40918,4832,6.0,0
46,10,1,159,24,110,0,0,0,0,0,0,0,0,0.0,0
47,11,0,41,24,110,26,11,7,3213,34,32,16931,3821,8.0,1
47,9,0,110,35,134,0,0,0,0,0,0,0,0,0.0,0
47,9,1,159,24,110,0,0,0,0,0,0,0,0,0.0,0
47,8,4,174,35,154,0,0,0,0,0,0,0,0,0.0,0
47,9,3,87,35,137,0,0,0,0,0,0,0,0,0.0,0
47,8,0,6,24,110,0,0,0,0,0,0,0,0,0.0,0
47,9,1,102,35,149,0,0,0,0,0,0,0,0,0.0,0
47,10,3,87,35,87,0,0,0,0,0,0,0,0,0.0,0
47,11,1,110,35,5,0,0,0,0,0,0,0,0,0.0,0
47,9,1,159,25,43,8,7,4,684,8,10,624,684,0.0,0
47,9,0,84,35,36,11,3,7,810,11,12,730,810,0.0,0
47,9,4,113,35,26,13,7,2,2133,13,11,17914,2133,0.0,0
47,12,1,145,35,20,29,20,8,4167,33,33,3181,4499,4.0,0
47,9,1,102,35,85,17,7,10,1182,17,11,670,1182,0.0,0
47,11,1,159,24,110,61,46,14,6679,69,68,59369,7271,8.0,0
47,9,1,46,35,113,31,0,6,3312,35,38,36225,3612,4.0,0
47,8,2,42,6,100,31,7,8,3007,35,29,23628,3335,4.0,0
47,9,4,1,35,20,55,45,5,6240,63,64,69305,6824,8.0,0
47,10,1,7,12,54,23,2,4,2112,29,31,13191,2530,6.0,0
47,11,1,154,35,20,24,19,2,3538,30,33,22895,3994,6.0,0
47,10,0,6,2,120,33,3,6,2457,35,36,68869,2617,2.0,0
47,8,2,9,35,86,76,3,7,5283,78,100,268442,5451,2.0,0
47,8,1,159,6,58,7,0,2,729,9,10,2045,871,2.0,0
47,9,4,6,6,100,0,0,0,0,0,0,0,0,0.0,0
47,9,0,172,35,20,0,0,0,0,0,0,0,0,0.0,0
48,10,0,18,35,140,22,0,2,3448,28,24,9819,3912,6.0,1
48,11,0,18,35,140,24,0,2,4041,30,25,12420,4505,6.0,1
48,14,1,6,9,111,48,0,1,3450,50,51,66124,3602,2.0,1
48,9,3,87,35,13,0,0,0,0,0,0,0,0,0.0,0
48,10,4,6,35,63,0,0,0,0,0,0,0,0,0.0,0
48,9,0,110,35,134,0,0,0,0,0,0,0,0,0.0,0
48,11,1,146,35,20,0,0,0,0,0,0,0,0,0.0,0
48,11,0,6,2,120,0,0,0,0,0,0,0,0,0.0,0
48,8,3,87,35,23,0,0,0,0,0,0,0,0,0.0,0
48,9,1,64,35,36,0,0,0,0,0,0,0,0,0.0,0
48,8,3,87,35,34,0,0,0,0,0,0,0,0,0.0,0
48,8,0,4,35,20,7,7,3,618,7,10,624,618,0.0,0
48,9,1,153,35,20,5,3,2,498,5,8,508,498,0.0,0
48,9,1,90,35,28,25,4,8,2313,29,29,9531,2621,4.0,0
48,9,2,6,35,13,5,3,3,498,5,8,504,498,0.0,0
48,11,4,186,35,86,8,7,6,684,8,11,696,684,0.0,0
48,7,1,80,35,20,47,10,6,4576,55,52,49426,5282,8.0,0
48,8,3,110,35,13,26,12,10,3878,30,33,8839,4198,4.0,0
48,10,1,6,35,23,24,6,12,2634,28,26,4384,2932,4.0,0
48,9,4,6,6,100,113,0,3,7746,117,134,229040,8062,4.0,0
48,10,4,168,13,27,0,0,0,0,0,0,0,0,0.0,0
48,8,3,87,16,65,0,0,0,0,0,0,0,0,0.0,0
48,11,0,110,35,55,0,0,0,0,0,0,0,0,0.0,0
49,12,0,175,32,173,12,8,1,2037,16,16,6187,2355,4.0,1
49,12,1,173,35,143,8,0,2,811,10,11,6062,961,2.0,1
49,13,1,6,9,111,50,0,2,3571,52,55,66449,3723,2.0,1
49,7,3,110,35,13,0,0,0,0,0,0,0,0,0.0,0
49,9,0,6,35,93,0,0,0,0,0,0,0,0,0.0,0
49,9,3,87,35,61,0,0,0,0,0,0,0,0,0.0,0
49,10,1,6,7,156,0,0,0,0,0,0,0,0,0.0,0
49,10,0,84,35,42,9,0,2,851,11,9,2135,1003,2.0,0
49,9,1,159,35,20,12,3,4,864,12,6,372,864,0.0,0
49,10,0,6,2,120,15,6,8,1122,15,11,702,1122,0.0,0
49,9,1,7,35,162,18,15,2,2736,18,13,4846,2736,0.0,0
49,9,4,6,35,20,3,3,1,366,3,5,306,366,0.0,0
49,10,1,180,8,163,9,5,6,738,9,15,1064,738,0.0,0
49,7,0,6,35,113,6,3,3,552,6,7,436,552,0.0,0
49,9,4,1,35,20,5,4,2,486,5,6,480,486,0.0,0
49,9,1,110,35,149,3,3,1,366,3,4,244,366,0.0,0
49,9,0,98,35,20,2,2,1,276,2,3,184,276,0.0,0
49,9,0,6,35,55,5,4,3,474,5,8,490,474,0.0,0
49,11,1,135,35,20,31,24,8,4739,37,37,18554,5195,6.0,0
49,9,0,159,35,131,19,6,9,1720,25,27,2880,2138,6.0,0
49,10,4,6,35,63,14,1,3,1567,18,20,6818,1859,4.0,0
49,12,4,1,35,20,32,16,6,4464,40,39,39561,5064,8.0,0
49,9,4,6,6,100,8,0,5,516,8,2,124,516,0.0,0
49,10,4,24,35,86,26,0,7,2270,30,24,10000,2562,4.0,0
49,10,1,102,35,85,51,46,3,5413,57,61,64860,5841,6.0,0
49,10,0,159,35,103,43,11,15,5371,49,46,16215,5845,6.0,0
49,10,0,6,2,120,0,0,0,0,0,0,0,0,0.0,0
49,10,1,159,35,32,0,0,0,0,0,0,0,0,0.0,0
49,10,2,6,35,137,21,7,2,2681,27,26,21979,3159,6.0,0
49,9,1,22,2,84,0,0,0,0,0,0,0,0,0.0,0
50,13,1,6,9,111,47,0,1,3386,51,53,66317,3696,4.0,1
50,11,0,173,32,82,7,0,2,746,9,11,2189,904,2.0,1
50,9,4,6,6,100,0,0,0,0,0,0,0,0,0.0,0
50,10,0,6,35,42,0,0,0,0,0,0,0,0,0.0,0
50,10,1,6,6,104,0,0,0,0,0,0,0,0,0.0,0
50,10,4,1,35,20,64,49,12,7487,74,84,75625,8219,10.0,0
50,9,4,102,35,20,5,3,3,498,5,6,372,498,0.0,0
50,9,0,90,35,32,8,6,4,696,8,10,636,696,0.0,0
50,10,2,159,35,155,13,8,2,2382,17,20,7775,2682,4.0,0
50,10,4,159,35,86,80,3,5,8291,88,93,135375,8889,8.0,0
50,11,3,87,35,20,25,1,6,2829,29,28,23089,3131,4.0,0
50,12,0,73,35,86,17,0,5,1570,21,21,6049,1842,4.0,0
50,11,1,156,35,20,34,25,9,3787,42,42,33677,4365,8.0,0
50,9,1,159,35,20,7,0,2,995,11,12,1507,1287,4.0,0
50,9,4,90,35,32,57,4,6,6820,59,61,79053,6966,2.0,0
50,9,3,90,35,26,0,0,0,0,0,0,0,0,0.0,0
50,11,0,90,35,149,0,0,0,0,0,0,0,0,0.0,0
50,9,0,169,35,138,0,0,0,0,0,0,0,0,0.0,0
50,10,1,159,35,20,0,0,0,0,0,0,0,0,0.0,0
50,10,1,22,35,42,0,0,0,0,0,0,0,0,0.0,0
50,10,3,87,35,32,0,0,0,0,0,0,0,0,0.0,0
50,9,3,87,35,81,0,0,0,0,0,0,0,0,0.0,0
51,14,1,6,9,111,46,0,1,3321,48,49,66184,3473,2.0,1
51,14,0,110,35,149,14,4,6,888,14,6,376,888,0.0,1
51,10,0,78,20,37,0,0,0,0,0,0,0,0,0.0,0
51,10,1,45,35,109,0,0,0,0,0,0,0,0,0.0,0
51,8,1,63,35,20,0,0,0,0,0,0,0,0,0.0,0
51,10,0,159,35,141,0,0,0,0,0,0,0,0,0.0,0
51,10,2,16,8,161,7,1,2,769,9,10,1298,909,2.0,0
51,8,0,159,35,154,4,2,3,396,4,3,184,396,0.0,0
51,10,4,110,35,23,39,3,8,3637,45,37,44294,4127,6.0,0
51,11,4,179,35,20,2,0,1,132,2,2,124,132,0.0,0
51,10,1,159,35,20,35,22,11,4677,41,33,14310,5093,6.0,0
51,11,2,6,35,137,0,0,0,0,0,0,0,0,0.0,0
51,8,0,6,35,142,0,0,0,0,0,0,0,0,0.0,0
51,11,0,6,35,13,0,0,0,0,0,0,0,0,0.0,0
52,14,1,6,9,111,41,0,1,2992,43,44,65646,3144,2.0,1
52,12,0,169,35,142,0,0,0,0,0,0,0,0,0.0,0
52,10,4,161,35,20,0,0,0,0,0,0,0,0,0.0,0
52,10,1,24,35,20,0,0,0,0,0,0,0,0,0.0,0
52,10,0,159,35,103,0,0,0,0,0,0,0,0,0.0,0
52,11,1,134,35,20,0,0,0,0,0,0,0,0,0.0,0
52,12,1,84,24,110,0,0,0,0,0,0,0,0,0.0,0
52,10,1,6,35,20,0,0,0,0,0,0,0,0,0.0,0
52,10,0,191,35,20,0,0,0,0,0,0,0,0,0.0,0
52,11,1,6,7,156,13,0,3,1428,17,11,1504,1712,4.0,0
52,10,0,35,35,86,4,3,2,432,4,6,376,432,0.0,0
52,9,0,90,35,149,6,3,3,564,6,7,442,564,0.0,0
52,10,1,7,35,81,5,3,3,486,5,7,436,486,0.0,0
52,9,4,6,6,100,4,4,1,420,4,5,414,420,0.0,0
52,9,1,110,6,100,10,2,6,1197,14,17,1374,1503,4.0,0
52,10,1,102,35,85,51,35,10,5314,57,62,51761,5742,6.0,0
52,11,0,94,13,0,16,2,3,1364,18,23,16978,1502,2.0,0
52,10,0,6,6,119,0,0,0,0,0,0,0,0,0.0,0
52,8,4,159,2,117,0,0,0,0,0,0,0,0,0.0,0
52,10,1,159,6,69,0,0,0,0,0,0,0,0,0.0,0
52,11,4,1,35,20,0,0,0,0,0,0,0,0,0.0,0
52,11,1,80,35,20,0,0,0,0,0,0,0,0,0.0,0
53,12,0,173,35,6,8,0,1,1156,10,10,2638,1316,2.0,1
53,10,1,159,35,23,0,0,0,0,0,0,0,0,0.0,0
53,10,1,170,6,119,0,0,0,0,0,0,0,0,0.0,0
53,11,1,40,35,80,26,8,11,1668,26,13,894,1668,0.0,0
53,10,1,170,6,119,7,6,2,798,7,8,492,798,0.0,0
53,9,1,27,35,36,12,3,3,960,12,16,1024,960,0.0,0
53,7,2,2,6,100,12,6,7,1017,18,17,1563,1503,6.0,0
53,12,0,6,6,100,15,4,3,2232,19,22,3283,2532,4.0,0
53,9,1,159,35,20,0,0,0,0,0,0,0,0,0.0,0
54,11,2,6,35,13,5,0,2,582,9,9,1097,882,4.0,1
54,11,0,13,35,20,29,1,7,4558,31,37,26259,4724,2.0,1
54,11,0,90,35,109,0,0,0,0,0,0,0,0,0.0,0
54,9,2,43,35,61,0,0,0,0,0,0,0,0,0.0,0
54,9,3,87,35,32,0,0,0,0,0,0,0,0,0.0,0
54,8,0,90,35,149,0,0,0,0,0,0,0,0,0.0,0
54,11,4,1,35,20,0,0,0,0,0,0,0,0,0.0,0
54,9,0,45,6,100,34,7,6,2881,38,33,39646,3219,4.0,0
54,12,1,169,35,142,5,5,2,474,5,8,535,474,0.0,0
54,12,1,117,35,20,11,7,2,1166,11,7,426,1166,0.0,0
54,10,1,7,8,157,3,3,1,366,3,3,182,366,0.0,0
54,10,0,110,35,20,1194,12,8,99843,1198,1284,2060012,100151,4.0,0
54,10,4,102,35,20,37,0,5,7178,43,41,20954,7644,6.0,0
54,10,0,6,35,131,40,9,9,4562,44,44,49870,4884,4.0,0
54,9,1,6,35,149,4,1,3,280,6,7,542,422,2.0,0
54,11,1,6,35,32,20,11,6,3025,26,25,9200,3479,6.0,0
54,10,1,179,35,20,12,7,1,2036,16,17,7035,2320,4.0,0
54,10,1,146,35,20,43,38,5,5591,51,56,46553,6231,8.0,0
54,11,1,61,2,84,0,0,0,0,0,0,0,0,0.0,0
54,11,2,110,35,55,0,0,0,0,0,0,0,0,0.0,0
55,12,1,6,9,111,52,0,1,3721,54,57,66445,3873,2.0,1
55,12,0,41,24,110,26,12,3,3229,34,32,16895,3837,8.0,1
55,10,0,6,35,86,0,0,0,0,0,0,0,0,0.0,0
55,9,1,6,35,20,0,0,0,0,0,0,0,0,0.0,0
55,12,4,72,35,45,0,0,0,0,0,0,0,0,0.0,0
55,10,1,159,35,55,0,0,0,0,0,0,0,0,0.0,0
55,11,0,0,35,20,0,0,0,0,0,0,0,0,0.0,0
55,10,1,6,35,32,0,0,0,0,0,0,0,0,0.0,0
55,12,4,1,35,20,0,0,0,0,0,0,0,0,0.0,0
55,9,1,110,30,96,0,0,0,0,0,0,0,0,0.0,0
55,10,1,124,35,20,0,0,0,0,0,0,0,0,0.0,0
55,12,4,6,35,63,0,0,0,0,0,0,0,0,0.0,0
55,11,1,121,35,20,42,36,2,6128,50,50,41385,6736,8.0,0
55,12,1,110,4,91,21,3,13,1458,21,4,244,1458,0.0,0
55,9,1,166,35,32,8,3,3,696,8,5,306,696,0.0,0
55,10,1,71,35,30,31,3,5,3590,35,40,35749,3886,4.0,0
55,10,4,6,6,100,4,3,2,432,4,4,244,432,0.0,0
55,12,1,130,35,20,13,4,7,1074,13,5,306,1074,0.0,0
55,10,1,136,35,20,11,5,7,882,11,10,628,882,0.0,0
55,12,1,102,35,85,36,27,7,4405,42,47,46271,4833,6.0,0
55,10,4,1,35,20,46,38,3,5666,54,67,69645,6250,8.0,0
55,10,1,152,35,20,27,18,4,3101,31,30,13795,3405,4.0,0
55,11,1,102,35,85,48,39,11,5137,55,61,67877,5597,6.0,0
55,10,1,92,35,152,0,0,0,0,0,0,0,0,0.0,0
55,10,1,118,35,20,0,0,0,0,0,0,0,0,0.0,0
56,11,2,166,26,115,7,0,2,752,9,9,1197,916,2.0,1
56,8,2,6,35,20,0,0,0,0,0,2,124,0,0.0,0
56,11,4,22,35,20,0,0,0,0,0,0,0,0,0.0,0
56,9,1,22,6,169,0,0,0,0,0,0,0,0,0.0,0
56,12,1,6,35,20,0,0,0,0,0,0,0,0,0.0,0
56,10,3,87,35,23,0,0,0,0,0,0,0,0,0.0,0
56,11,1,7,35,36,0,0,0,0,0,0,0,0,0.0,0
56,10,1,159,24,110,11,3,5,870,11,5,306,870,0.0,0
56,9,3,87,35,88,12,3,7,1080,14,14,2498,1260,2.0,0
56,9,0,12,6,119,15,2,5,1944,21,21,2698,2416,6.0,0
56,12,1,180,8,163,10,4,4,944,14,15,3869,1252,4.0,0
56,13,4,6,35,63,37,3,5,3050,43,44,65986,3492,6.0,0
56,12,0,159,35,103,35,11,3,6351,43,46,22390,6989,8.0,0
56,10,3,87,35,13,18,13,2,3354,24,18,8544,3810,6.0,0
56,12,1,145,35,20,8,3,3,847,16,18,1998,1435,8.0,0
56,9,0,6,15,164,0,0,0,0,0,0,0,0,0.0,0
56,11,0,3,10,18,0,0,0,0,0,0,0,0,0.0,0
56,11,4,6,35,20,0,0,0,0,0,0,0,0,0.0,0
56,10,4,173,35,32,0,0,0,0,0,0,0,0,0.0,0
56,11,0,173,35,13,0,0,0,0,0,0,0,0,0.0,0
56,11,1,48,24,110,0,0,0,0,0,0,0,0,0.0,0
57,9,2,6,35,32,0,0,0,0,0,0,0,0,0.0,0
57,11,1,128,35,20,0,0,0,0,0,0,0,0,0.0,0
57,11,4,38,35,13,0,0,0,0,0,0,0,0,0.0,0
57,10,1,102,35,85,0,0,0,0,0,0,0,0,0.0,0
57,10,3,87,35,137,7,3,2,630,7,5,306,630,0.0,0
57,10,0,159,35,103,37,9,11,5965,43,47,20145,6439,6.0,0
57,10,1,159,29,44,16,0,3,1345,18,19,18597,1495,2.0,0
57,12,0,23,35,42,79,2,7,5863,83,83,127368,6173,4.0,0
57,9,1,67,18,106,19,8,10,1764,23,24,2364,2120,4.0,0
57,10,2,13,35,20,31,0,5,2335,33,37,35231,2493,2.0,0
57,13,1,110,35,86,42,7,12,3944,48,40,23329,4404,6.0,0
57,11,1,102,35,85,32,26,3,4195,38,45,45691,4623,6.0,0
57,11,2,159,35,86,21,6,13,1627,25,23,2044,1933,4.0,0
57,10,0,6,35,86,107,4,4,8986,111,148,234205,9294,4.0,0
57,11,4,89,17,122,18,4,6,1965,22,21,7616,2249,4.0,0
57,11,4,6,35,23,9,0,3,871,11,12,4257,1021,2.0,0
57,11,2,6,35,137,0,0,0,0,0,0,0,0,0.0,0
57,12,1,159,35,13,0,0,0,0,0,0,0,0,0.0,0
57,13,1,140,35,20,0,0,0,0,0,0,0,0,0.0,0
57,11,0,6,35,42,0,0,0,0,0,0,0,0,0.0,0
58,12,1,6,9,111,50,0,1,3592,52,53,66100,3744,2.0,1
58,13,1,173,35,138,10,0,2,1692,14,15,8467,2004,4.0,1
58,12,4,6,35,86,0,0,0,0,0,0,0,0,0.0,0
58,8,1,6,35,55,0,0,0,0,0,0,0,0,0.0,0
58,10,3,87,35,137,0,0,0,0,0,0,0,0,0.0,0
58,9,0,173,35,45,5,3,3,474,5,4,244,474,0.0,0
58,11,4,182,35,13,4,4,1,420,4,5,414,420,0.0,0
58,10,1,80,35,20,5,4,2,474,5,7,442,474,0.0,0
58,11,0,173,6,116,4,2,2,408,4,7,438,408,0.0,0
58,8,2,13,35,32,9,0,3,1481,13,12,1327,1773,4.0,0
58,12,3,87,35,20,50,42,4,6256,58,63,63202,6896,8.0,0
58,10,0,159,6,100,5,0,3,620,7,8,626,770,2.0,0
58,10,1,65,35,13,17,15,4,1146,17,5,416,1146,0.0,0
58,11,1,127,35,20,44,37,6,6317,52,53,38708,6925,8.0,0
58,9,0,176,35,13,0,0,0,0,0,0,0,0,0.0,0
58,11,1,102,35,85,0,0,0,0,0,0,0,0,0.0,0
58,11,0,102,35,85,0,0,0,0,0,0,0,0,0.0,0
58,12,4,185,35,172,0,0,0,0,0,0,0,0,0.0,0
59,11,1,102,35,85,0,0,0,0,0,0,0,0,0.0,0
59,11,4,110,35,13,0,0,0,0,0,0,0,0,0.0,0
59,11,2,22,35,137,0,0,0,0,0,0,0,0,0.0,0
59,12,4,159,4,91,0,0,0,0,0,0,0,0,0.0,0
59,10,1,70,35,42,0,0,0,0,0,0,0,0,0.0,0
59,11,0,159,35,148,0,0,0,0,0,0,0,0,0.0,0
59,15,1,1,35,20,20,6,5,2638,28,25,6137,3208,8.0,0
59,9,0,159,35,20,24,0,11,1863,26,27,15088,2033,2.0,0
59,13,0,178,35,137,8,3,8,552,8,5,420,552,0.0,0
59,13,3,87,35,137,29,12,6,3325,33,32,29835,3635,4.0,0
59,11,0,6,35,32,17,2,2,1684,21,22,14589,2012,4.0,0
59,13,3,90,35,75,10,0,3,1170,16,14,1324,1584,6.0,0
59,11,0,110,22,156,9,0,2,1589,13,13,2404,1909,4.0,0
59,10,1,6,35,149,10,1,3,1300,14,15,13818,1618,4.0,0
59,12,4,159,4,91,22,12,5,3142,30,24,7684,3746,8.0,0
59,11,0,31,35,105,38,4,10,3936,44,46,29443,4404,6.0,0
59,12,0,159,35,103,0,0,0,0,0,0,0,0,0.0,0
59,11,0,6,35,32,0,0,0,0,0,0,0,0,0.0,0
59,12,1,110,35,32,14,0,3,1438,18,16,4800,1734,4.0,0
60,11,0,6,35,137,0,0,0,0,0,0,0,0,0.0,0
60,10,4,110,35,20,0,0,0,0,0,0,0,0,0.0,0
60,11,2,6,35,137,0,0,0,0,0,0,0,0,0.0,0
60,10,4,77,35,20,9,7,7,762,9,10,640,762,0.0,0
60,12,1,159,35,20,8,6,5,696,8,9,574,696,0.0,0
60,11,0,110,35,45,29,22,3,4932,35,41,23578,5392,6.0,0
60,12,2,159,6,16,6,0,4,664,8,8,609,808,2.0,0
60,9,3,87,35,109,5,0,1,622,7,7,9159,812,2.0,0
60,11,0,6,6,16,29,1,4,2630,35,35,35655,3102,6.0,0
60,11,1,6,35,168,101,4,15,7002,107,79,172138,7422,6.0,0
60,13,1,122,35,20,38,32,3,4488,44,44,44959,4944,6.0,0
60,13,4,90,12,54,23,12,5,3208,32,26,8206,3883,9.0,0
60,12,1,110,35,32,3,0,1,466,5,6,490,618,2.0,0
60,11,4,159,35,26,14,9,2,2531,18,18,8177,2819,4.0,0
60,9,4,20,35,98,0,0,0,0,0,0,0,0,0.0,0
60,13,1,6,35,142,0,0,0,0,0,0,0,0,0.0,0
61,10,3,90,35,9,0,0,0,0,0,0,0,0,0.0,0
61,12,0,72,35,32,0,0,0,0,0,0,0,0,0.0,0
61,11,3,110,35,32,0,0,0,0,0,0,0,0,0.0,0
61,9,0,90,35,149,0,0,0,0,0,0,0,0,0.0,0
61,11,0,49,35,149,20,1,5,1930,28,24,8029,2610,8.0,0
61,12,0,6,35,20,22,5,10,1673,24,22,2525,1837,2.0,0
61,12,0,159,35,103,4,3,2,432,4,6,376,432,0.0,0
61,10,1,102,35,85,5,5,3,498,5,8,508,498,0.0,0
61,12,1,102,35,85,20,8,7,1344,20,10,739,1344,0.0,0
61,11,0,6,35,30,7,3,3,582,7,5,306,582,0.0,0
61,13,0,6,35,86,7,1,3,743,11,13,1520,1033,4.0,0
61,13,1,110,35,149,31,5,8,4514,39,40,26105,5168,8.0,0
61,11,4,159,35,26,25,20,3,3252,29,35,36967,3540,4.0,0
61,10,0,173,35,23,0,0,0,0,0,0,0,0,0.0,0
62,13,0,6,35,32,8,0,2,1089,14,13,1977,1601,6.0,0
62,13,1,142,35,20,0,0,0,0,0,0,0,0,0.0,0
62,13,0,6,35,32,0,0,0,0,0,0,0,0,0.0,0
62,12,0,6,35,86,0,0,0,0,0,0,0,0,0.0,0
62,12,1,126,35,20,0,0,0,0,0,0,0,0,0.0,0
62,13,1,6,6,104,0,0,0,0,0,0,0,0,0.0,0
62,10,2,58,35,75,0,0,0,0,0,0,0,0,0.0,0
62,9,3,87,35,109,0,0,0,0,0,0,0,0,0.0,0
62,11,2,22,35,137,11,5,4,1040,15,19,2206,1374,4.0,0
62,11,1,39,16,56,32,8,11,2772,38,37,32655,3258,6.0,0
62,11,3,90,35,26,0,0,0,0,0,0,0,0,0.0,0
62,12,1,80,35,20,0,0,0,0,0,0,0,0,0.0,0
62,12,0,6,2,120,0,0,0,0,0,0,0,0,0.0,0
63,12,4,22,35,20,0,0,0,0,0,0,0,0,0.0,0
63,11,1,157,35,20,0,0,0,0,0,0,0,0,0.0,0
63,13,1,144,35,20,0,0,0,0,0,0,0,0,0.0,0
63,12,1,6,35,13,0,0,0,0,0,0,0,0,0.0,0
63,10,3,87,35,149,3,3,1,366,3,4,244,366,0.0,0
63,14,0,6,6,101,26,7,6,2506,30,25,2966,2814,4.0,0
63,11,0,6,35,98,31,5,6,2293,33,24,17664,2459,2.0,0
63,13,3,87,35,137,32,20,13,3967,38,44,23969,4429,6.0,0
63,12,1,159,35,45,14,3,4,2108,18,22,3406,2388,4.0,0
63,10,1,6,35,149,4,1,2,583,6,8,737,735,2.0,0
63,10,3,87,35,109,35,19,11,3472,41,33,24847,3944,6.0,0
63,10,1,1,35,20,29,10,7,4825,40,36,37575,5567,10.0,0
64,11,1,181,35,149,0,0,0,0,0,0,0,0,0.0,0
64,13,0,6,35,20,0,0,0,0,0,0,0,0,0.0,0
64,13,0,6,35,86,0,0,0,0,0,0,0,0,0.0,0
64,13,1,102,35,85,0,0,0,0,0,0,0,0,0.0,0
64,10,1,7,35,162,0,0,0,0,0,0,0,0,0.0,0
64,10,1,6,16,41,15,2,5,1238,17,9,760,1430,2.0,0
64,11,1,7,35,167,2,2,1,276,2,4,246,276,0.0,0
64,13,1,102,35,85,10,2,6,1197,14,17,1374,1503,4.0,0
64,11,0,6,12,62,10,1,3,1256,14,16,1909,1580,4.0,0
64,11,1,102,35,85,39,18,14,4631,49,42,12921,5353,10.0,0
64,10,3,87,35,149,26,6,5,3201,30,29,20250,3517,4.0,0
64,13,3,90,23,123,16,1,5,1910,24,24,3124,2552,8.0,0
64,13,1,74,35,131,0,0,0,0,0,0,0,0,0.0,0
64,14,1,110,35,32,0,0,0,0,0,0,0,0,0.0,0
65,12,1,102,35,85,0,0,0,0,0,0,0,0,0.0,0
65,11,0,6,35,86,0,0,0,0,0,0,0,0,0.0,0
65,12,4,160,6,100,35,9,12,2820,43,26,3034,3428,8.0,0
65,14,4,159,35,26,6,3,4,564,6,6,376,564,0.0,0
65,14,1,159,35,42,32,11,12,2232,32,14,954,2232,0.0,0
65,12,4,110,35,23,9,0,3,1194,13,12,1736,1498,4.0,0
65,14,4,6,35,149,326,317,3,26631,330,442,947971,26931,4.0,0
65,12,0,6,35,30,29,7,6,3999,37,37,17322,4619,8.0,0
65,11,2,6,35,137,0,0,0,0,0,0,0,0,0.0,0
65,11,1,169,35,86,0,0,0,0,0,0,0,0,0.0,0
66,14,1,6,35,55,15,1,7,1863,19,18,7303,2175,4.0,1
66,10,1,1,35,20,0,0,0,0,0,0,0,0,0.0,0
66,12,1,102,35,85,0,0,0,0,0,0,0,0,0.0,0
66,15,1,110,6,100,0,0,0,0,0,0,0,0,0.0,0
66,11,2,6,35,29,0,0,0,0,0,0,0,0,0.0,0
67,14,4,179,35,9,12,1,5,1366,18,17,2000,1850,6.0,1
67,14,4,1,35,20,0,0,0,0,0,0,0,0,0.0,0
67,9,0,37,35,13,0,0,0,0,0,0,0,0,0.0,0
67,10,1,84,35,32,0,0,0,0,0,0,0,0,0.0,0
67,9,3,87,35,109,27,9,5,3471,33,32,23243,3967,6.0,0
67,10,1,173,35,49,12,3,7,960,12,11,706,960,0.0,0
67,13,2,6,35,26,8,6,6,696,8,9,574,696,0.0,0
67,12,0,6,35,32,9,1,3,1283,13,14,1697,1631,4.0,0
67,12,0,6,35,86,16,6,6,2135,20,22,3485,2443,4.0,0
67,14,1,131,35,20,59,43,15,7723,67,60,37516,8331,8.0,0
67,11,4,6,35,23,16,9,5,2381,20,24,5596,2675,4.0,0
67,13,1,83,35,86,26,9,6,2154,28,34,29677,2310,2.0,0
67,13,4,7,35,98,15,0,5,1766,21,18,2293,2196,6.0,0
68,13,1,186,6,104,0,0,0,0,0,0,0,0,0.0,0
68,13,0,6,35,86,0,0,0,0,0,0,0,0,0.0,0
68,12,4,110,35,55,11,3,7,858,11,11,678,858,0.0,0
68,12,4,1,35,20,5,4,2,474,5,7,442,474,0.0,0
68,14,1,6,35,86,23,9,8,2317,27,28,3635,2633,4.0,0
68,13,4,159,35,13,20,1,4,1900,24,25,15998,2204,4.0,0
68,15,1,102,35,85,47,37,6,5242,53,55,49446,5670,6.0,0
68,12,1,139,35,20,40,34,3,6020,48,45,37704,6628,8.0,0
68,14,1,159,35,88,52,44,3,4703,56,57,69613,5033,4.0,0
68,11,1,159,35,13,48,0,3,4896,52,58,73318,5200,4.0,0
68,11,2,173,12,39,0,0,0,0,0,0,0,0,0.0,0
68,12,1,102,35,85,0,0,0,0,0,0,0,0,0.0,0
69,13,1,6,35,109,10,0,4,903,14,12,1489,1205,4.0,1
69,14,1,80,35,20,0,0,0,0,0,0,0,0,0.0,0
69,13,1,173,6,101,0,0,0,0,0,0,0,0,0.0,0
69,12,0,159,35,103,0,0,0,0,0,0,0,0,0.0,0
69,11,1,1,35,20,0,0,0,0,0,0,0,0,0.0,0
69,13,0,179,24,110,8,2,2,805,10,10,1196,953,2.0,0
69,12,1,102,35,85,0,0,0,0,0,0,0,0,0.0,0
69,12,0,6,35,137,4,3,2,432,4,4,244,432,0.0,0
69,11,1,7,35,26,3,3,1,366,3,4,244,366,0.0,0
69,13,4,1,35,20,14,8,3,2186,18,20,6913,2486,4.0,0
69,12,1,102,35,85,29,21,7,3997,35,30,16884,4425,6.0,0
69,11,4,159,35,45,19,0,4,1878,25,23,18769,2358,6.0,0
69,14,1,83,35,86,31,2,8,2131,35,33,30035,2437,4.0,0
70,15,4,6,35,63,0,0,0,0,0,0,0,0,0.0,0
70,13,0,92,6,100,0,0,0,0,0,0,0,0,0.0,0
70,14,2,34,2,120,0,0,0,0,0,0,0,0,0.0,0
70,13,1,110,35,26,0,0,0,0,0,0,0,0,0.0,0
70,14,0,23,35,42,0,0,0,0,0,0,0,0,0.0,0
70,12,1,132,35,20,0,0,0,0,0,0,0,0,0.0,0
70,15,1,159,35,20,6,4,4,552,6,9,562,552,0.0,0
70,13,0,88,6,119,10,6,7,792,10,10,636,792,0.0,0
70,13,0,6,7,158,5,5,3,498,5,8,504,498,0.0,0
70,13,1,159,24,110,16,13,2,1688,16,12,742,1688,0.0,0
70,10,0,90,35,93,49,7,3,3802,49,50,57628,3802,0.0,0
70,13,3,87,35,145,8,0,3,1100,12,12,1570,1380,4.0,0
70,12,4,90,35,63,7,4,3,752,9,12,892,922,2.0,0
70,14,4,90,35,142,48,11,11,3684,54,53,47558,4164,6.0,0
70,12,0,175,35,85,19,12,7,2506,23,27,7448,2810,4.0,0
70,14,1,159,35,26,0,0,0,0,0,0,0,0,0.0,0
70,13,0,90,35,149,0,0,0,0,0,0,0,0,0.0,0
70,13,1,159,35,20,0,0,0,0,0,0,0,0,0.0,0
71,6,3,87,35,105,0,0,0,0,0,0,0,0,0.0,0
71,16,0,110,35,154,0,0,0,0,0,0,0,0,0.0,0
71,14,1,80,6,100,0,0,0,0,0,0,0,0,0.0,0
71,13,1,102,35,85,0,0,0,0,0,0,0,0,0.0,0
71,13,1,80,35,20,73,3,5,7802,79,82,105565,8302,6.0,0
71,12,1,6,35,20,30,20,10,3317,36,35,8700,3747,6.0,0
71,11,4,184,24,110,28,4,5,2794,32,32,30923,3110,4.0,0
71,11,4,1,35,20,26,21,4,4488,35,35,14140,5084,8.0,0
71,12,1,102,35,85,65,48,7,6391,71,77,83389,6819,6.0,0
71,11,1,7,16,128,7,2,4,1131,12,11,1747,1473,4.0,0
71,11,3,90,39,20,0,0,0,0,0,0,0,0,0.0,0
72,14,3,110,6,100,0,0,0,0,0,0,0,0,0.0,0
72,14,4,159,37,136,0,0,0,0,0,0,0,0,0.0,0
72,16,4,30,35,86,0,0,0,0,0,0,0,0,0.0,0
72,12,3,87,35,86,0,0,0,0,0,0,0,0,0.0,0
72,12,0,6,35,137,0,0,0,0,0,0,0,0,0.0,0
72,15,1,51,35,20,47,13,6,6078,53,52,40968,6520,6.0,0
72,14,4,90,35,142,12,5,4,960,12,8,498,960,0.0,0
72,12,1,102,35,85,27,21,8,3862,33,33,11108,4290,6.0,0
72,9,0,33,3,8,39,2,13,3042,45,26,5914,3520,6.0,0
72,12,3,192,7,22,80,0,2,6525,84,102,126205,6843,4.0,0
72,14,1,159,24,110,0,0,0,0,0,0,0,0,0.0,0
72,11,2,7,35,133,0,0,0,0,0,0,0,0,0.0,0
72,11,0,159,35,81,0,0,0,0,0,0,0,0,0.0,0
73,14,1,110,35,53,0,0,0,0,0,0,0,0,0.0,0
73,17,0,72,35,109,0,0,0,0,0,0,0,0,0.0,0
73,13,2,22,35,137,0,0,0,0,0,0,0,0,0.0,0
73,15,2,159,35,13,0,0,0,0,0,0,0,0,0.0,0
73,13,2,22,35,137,27,12,5,3149,33,34,37964,3647,6.0,0
73,15,2,14,35,20,0,0,0,0,0,0,0,0,0.0,0
73,15,4,6,6,100,208,0,1,14530,210,278,466055,14688,2.0,0
73,11,1,53,35,45,22,11,12,1524,22,19,1268,1524,0.0,0
73,11,1,80,35,20,3,3,1,366,3,5,306,366,0.0,0
73,17,1,110,18,129,11,6,8,810,11,14,913,810,0.0,0
73,15,0,191,35,20,23,4,3,2425,29,36,33598,2881,6.0,0
73,13,0,162,35,55,51,6,5,3932,55,48,87340,4252,4.0,0
73,12,1,102,35,85,49,43,4,5365,55,60,78671,5793,6.0,0
73,17,1,155,35,20,0,0,0,0,0,0,0,0,0.0,0
74,11,0,110,38,52,11,0,3,1260,19,17,2399,1850,8.0,1
74,12,3,90,35,113,0,0,0,0,0,0,0,0,0.0,0
74,13,1,102,35,85,3,3,1,366,3,5,306,366,0.0,0
74,12,3,87,6,125,5,4,2,486,5,6,480,486,0.0,0
74,16,1,159,35,81,8,1,3,1088,14,13,2036,1524,6.0,0
75,13,1,6,35,109,8,0,6,801,10,9,677,951,2.0,1
75,15,1,80,35,20,0,0,0,0,0,0,0,0,0.0,0
75,14,1,151,35,20,4,3,2,432,4,6,372,432,0.0,0
75,14,4,80,35,20,39,18,14,4631,49,42,12921,5353,10.0,0
75,12,1,97,35,149,0,0,0,0,0,0,0,0,0.0,0
75,15,0,110,35,32,0,0,0,0,0,0,0,0,0.0,0
76,13,0,88,6,119,10,4,5,780,10,7,442,780,0.0,0
76,12,1,6,35,10,0,0,0,0,0,0,0,0,0.0,0
77,15,3,87,35,137,5,5,3,498,5,8,508,498,0.0,0
77,13,0,6,35,137,17,7,9,1206,17,15,991,1206,0.0,0
77,14,3,87,35,23,6,3,4,564,6,7,442,564,0.0,0
77,14,1,80,35,20,27,0,4,2403,31,30,27476,2741,4.0,0
77,13,4,185,35,172,33,1,5,3244,43,40,24630,4114,10.0,0
77,14,4,1,35,20,25,20,3,3591,31,31,13757,4041,6.0,0
78,10,4,6,35,86,0,0,0,0,0,0,0,0,0.0,0
78,16,1,110,35,53,11,1,3,1335,17,17,2109,1835,6.0,0
78,17,1,125,35,20,0,0,0,0,0,0,0,0,0.0,0
78,11,1,110,35,149,17,9,9,1594,17,18,1152,1594,0.0,0
78,15,2,6,18,135,8,0,3,528,8,2,124,528,0.0,0
78,16,1,80,35,20,13,6,9,1026,13,14,904,1026,0.0,0
78,15,0,106,35,29,8,6,6,672,8,9,562,672,0.0,0
78,13,1,142,35,20,39,35,2,5949,47,47,32891,6557,8.0,0
78,10,4,6,35,86,36,3,10,2981,42,41,31493,3449,6.0,0
78,12,1,97,35,149,19,6,4,2781,24,24,18410,3085,4.0,0
78,13,0,90,35,149,62,0,3,4725,66,65,97272,5023,4.0,0
78,12,1,102,35,85,0,0,0,0,0,0,0,0,0.0,0
78,17,2,6,35,137,0,0,0,0,0,0,0,0,0.0,0
78,16,0,85,35,20,23,5,11,2106,27,31,6415,2410,4.0,0
79,13,0,92,35,14,0,0,0,0,0,0,0,0,0.0,0
79,14,4,110,35,109,0,0,0,0,0,0,0,0,0.0,0
79,15,1,7,35,154,0,0,0,0,0,0,0,0,0.0,0
79,15,1,6,35,13,6,3,4,564,6,8,504,564,0.0,0
79,16,0,100,35,42,13,1,3,1763,19,19,2308,2233,6.0,0
80,12,1,6,35,20,0,0,0,0,0,0,0,0,0.0,0
80,12,1,80,35,20,41,0,5,3333,45,43,42229,3715,4.0,0
80,13,4,110,35,20,50,43,12,7282,60,57,24220,8042,10.0,0
80,17,0,175,5,1,22,18,3,3156,22,15,4966,3156,0.0,0
80,11,3,87,35,20,33,10,8,3764,41,23,7356,4412,8.0,0
80,16,1,102,35,85,0,0,0,0,0,0,0,0,0.0,0
80,13,1,80,35,20,0,0,0,0,0,0,0,0,0.0,0
80,12,2,6,35,9,0,0,0,0,0,0,0,0,0.0,0
81,17,4,88,35,26,0,0,0,0,0,2,124,0,0.0,1
81,14,1,80,35,20,75,8,16,7388,79,76,65108,7734,4.0,0
81,18,2,22,35,99,11,6,1,2088,15,15,7459,2388,4.0,0
81,16,3,87,35,137,2,2,1,276,2,3,184,276,0.0,0
81,13,3,87,35,86,16,1,2,2074,22,27,10646,2540,6.0,0
81,11,1,110,35,149,23,2,6,2362,31,23,5472,3008,8.0,0
81,16,1,110,35,32,15,0,3,1894,19,20,7062,2198,4.0,0
81,15,0,6,35,45,17,0,3,2281,21,22,29619,2581,4.0,0
81,12,0,6,35,34,47,3,8,3718,51,47,44519,4064,4.0,0
82,17,4,88,35,26,0,0,0,0,0,2,124,0,0.0,1
82,17,4,88,35,26,0,0,0,0,0,3,186,0,0.0,1
82,13,0,166,24,110,8,3,6,696,8,9,574,696,0.0,0
82,17,3,87,35,149,5,4,2,498,5,6,376,498,0.0,0
82,17,1,110,35,32,3,0,1,488,5,6,482,632,2.0,0
82,13,3,87,35,34,31,26,6,3286,37,45,28351,3776,6.0,0
82,18,1,80,35,20,45,2,5,3565,49,49,58127,3903,4.0,0
82,12,0,6,35,34,0,0,0,0,0,0,0,0,0.0,0
83,17,4,88,35,26,1,1,1,90,1,5,416,90,0.0,1
83,17,1,102,35,85,0,0,0,0,0,0,0,0,0.0,0
83,11,1,6,18,35,11,4,4,1278,17,16,1874,1750,6.0,0
83,16,1,187,35,149,7,3,3,630,7,5,310,630,0.0,0
83,21,1,180,35,23,22,8,7,1628,26,25,14894,1944,4.0,0
83,15,1,80,35,20,29,0,3,2523,33,34,44807,2881,4.0,0
83,19,0,29,0,31,9,0,3,1165,15,16,1673,1673,6.0,0
83,13,0,159,35,74,24,3,7,2676,28,20,3594,3000,4.0,0
84,15,1,29,35,154,25,0,5,2262,29,27,33205,2588,4.0,1
84,17,1,6,35,138,0,0,0,0,0,0,0,0,0.0,0
84,12,0,22,35,13,0,0,0,0,0,0,0,0,0.0,0
84,15,4,6,35,134,0,0,0,0,0,0,0,0,0.0,0
84,14,1,80,35,20,11,11,7,834,11,13,894,834,0.0,0
85,13,1,29,35,154,37,0,8,3630,43,40,34113,4118,6.0,1
85,12,1,110,35,149,7,7,3,618,7,9,562,618,0.0,0
85,15,1,80,35,20,7,7,3,582,7,9,632,582,0.0,0
86,15,1,80,35,20,0,0,0,0,0,0,0,0,0.0,0
86,17,1,6,35,61,0,0,0,0,0,0,0,0,0.0,0
86,16,4,57,35,13,30,8,9,2296,30,11,688,2296,0.0,0
86,13,0,100,35,42,20,0,2,2487,26,18,2587,2979,6.0,0
86,16,1,80,35,20,67,4,10,6257,71,53,51527,6619,4.0,0
86,15,4,110,35,26,10,0,2,2202,14,15,3304,2490,4.0,0
86,16,1,22,35,20,0,0,0,0,0,0,0,0,0.0,0
87,17,1,159,35,26,0,0,0,0,0,0,0,0,0.0,0
87,13,1,133,35,20,26,22,1,4523,32,34,26400,4979,6.0,0
87,18,1,159,35,32,8,5,5,660,8,10,661,660,0.0,0
87,15,4,90,35,172,14,0,5,1482,20,18,8797,1914,6.0,0
87,14,3,87,35,48,17,6,10,1457,21,20,2112,1781,4.0,0
87,16,1,159,35,20,17,9,2,3124,23,21,9563,3564,6.0,0
87,16,1,80,35,20,0,0,0,0,0,0,0,0,0.0,0
88,14,3,87,35,86,0,0,0,0,0,0,0,0,0.0,0
88,17,4,90,35,172,8,8,1,1008,8,8,486,1008,0.0,0
88,17,1,110,6,100,4,3,2,432,4,6,372,432,0.0,0
88,15,1,97,35,149,20,2,8,2133,24,26,17337,2437,4.0,0
88,13,4,6,35,86,84,32,4,7350,90,110,143113,7830,6.0,0
88,16,4,90,35,172,0,0,0,0,0,0,0,0,0.0,0
89,18,1,6,11,17,0,0,0,0,0,2,124,0,0.0,1
89,20,1,19,35,20,4,3,2,432,4,4,244,432,0.0,0
89,16,1,110,35,93,9,3,4,738,9,5,306,738,0.0,0
89,13,3,87,35,20,6,2,5,516,6,4,246,516,0.0,0
89,16,4,110,35,42,6,3,2,564,6,4,244,564,0.0,0
89,17,1,80,35,20,55,6,14,4155,59,53,45079,4533,4.0,0
89,15,4,6,35,86,73,58,6,6789,79,89,110553,7245,6.0,0
89,20,4,111,35,20,25,0,8,2200,29,30,28829,2480,4.0,0
90,16,1,187,35,131,7,4,4,630,7,9,568,630,0.0,0
90,17,2,6,35,93,7,3,3,606,7,4,244,606,0.0,0
90,17,1,163,6,100,17,3,4,2162,23,24,14374,2634,6.0,0
90,16,4,159,35,42,38,1,9,3432,42,48,64807,3754,4.0,0
90,17,4,111,35,20,7,0,5,804,8,2,124,804,0.0,0
90,16,1,111,35,20,0,0,0,0,0,0,0,0,0.0,0
91,17,1,80,35,20,39,0,2,3223,43,41,42120,3597,4.0,0
91,14,1,6,14,24,13,3,6,1591,17,15,1936,1931,4.0,0
91,19,1,28,25,72,0,0,0,0,0,0,0,0,0.0,0
92,19,1,72,35,61,0,0,0,0,0,0,0,0,0.0,0
92,18,1,6,35,86,0,0,0,0,0,0,0,0,0.0,0
92,17,4,90,35,172,16,1,6,1607,22,18,1690,2055,6.0,0
93,19,4,88,35,26,1,1,1,90,1,4,354,90,0.0,1
93,19,0,90,35,172,41,28,6,5321,49,45,24126,5935,8.0,0
94,20,1,6,35,71,11,0,3,1260,19,17,2399,1850,8.0,1
94,19,4,88,35,26,1,1,1,90,1,4,354,90,0.0,1
94,19,4,88,35,26,0,0,0,0,0,3,186,0,0.0,1
94,19,1,72,35,71,20,8,6,2976,26,23,8187,3476,6.0,0
95,19,4,88,35,26,1,1,1,90,1,4,354,90,0.0,1
95,19,4,88,35,26,1,1,1,90,1,5,416,90,0.0,1
95,14,4,92,12,54,0,0,0,0,0,0,0,0,0.0,0
95,19,1,159,35,20,0,0,0,0,0,0,0,0,0.0,0
95,19,0,106,35,29,5,3,3,486,5,5,306,486,0.0,0
96,18,4,185,35,172,0,0,0,0,0,0,0,0,0.0,0
96,15,0,106,35,29,0,0,0,0,0,0,0,0,0.0,0
96,19,4,159,35,26,0,0,0,0,0,0,0,0,0.0,0
97,15,1,29,36,76,3,0,2,198,3,6,384,198,0.0,1
97,17,1,110,35,53,43,0,2,3252,47,47,60076,3564,4.0,0
97,15,3,87,35,109,40,32,7,5024,46,37,15154,5500,6.0,0
98,19,3,87,35,137,0,0,0,0,0,0,0,0,0.0,0
98,18,1,159,19,47,6,3,2,564,6,5,306,564,0.0,0
98,18,1,159,35,167,44,17,11,5171,52,46,36825,5811,8.0,0
98,16,4,159,35,20,22,10,9,2784,28,30,14114,3312,6.0,0
98,18,1,159,19,47,21,3,6,2038,25,14,1507,2354,4.0,0
99,20,1,6,11,17,0,0,0,0,0,2,124,0,0.0,1
99,20,1,6,11,17,0,0,0,0,0,3,186,0,0.0,1
99,14,0,72,35,42,0,0,0,0,0,0,0,0,0.0,0
99,16,1,6,35,33,4,3,2,432,4,5,310,432,0.0,0
99,22,0,90,28,107,19,5,5,2137,23,29,17922,2425,4.0,0
99,15,4,92,6,100,20,2,6,2010,24,24,13434,2334,4.0,0
100,20,1,6,11,17,2,1,2,132,2,4,256,132,0.0,1
100,20,1,6,11,17,0,0,0,0,0,3,186,0,0.0,1
100,20,1,6,11,17,0,0,0,0,0,2,124,0,0.0,1
100,20,1,6,11,17,1,0,1,66,1,3,190,66,0.0,1
100,15,4,179,6,19,8,3,5,660,8,13,798,660,0.0,0
100,19,1,173,6,118,27,0,2,3458,29,27,55407,3622,2.0,0
101,20,4,159,35,26,45,40,4,4721,49,74,82395,5009,4.0,0
101,20,4,92,35,30,32,9,6,3327,38,32,10505,3769,6.0,0
101,16,4,92,6,100,5,2,3,474,5,3,184,474,0.0,0
101,20,1,80,35,20,62,4,3,7415,68,72,93298,7975,6.0,0
101,18,4,159,35,93,61,51,6,6027,69,76,124751,6601,8.0,0
101,19,1,6,35,32,47,0,2,4104,51,84,131895,4380,4.0,0
102,16,1,90,6,100,0,0,0,0,0,0,0,0,0.0,0
102,12,1,179,35,20,0,0,0,0,0,0,0,0,0.0,0
102,20,0,106,35,29,0,0,0,0,0,0,0,0,0.0,0
102,17,0,6,35,86,48,11,11,3684,54,53,47558,4164,6.0,0
103,21,4,6,35,154,0,0,0,0,0,0,0,0,0.0,0
103,17,4,7,35,98,0,0,0,0,0,0,0,0,0.0,0
103,16,1,110,35,9,0,0,0,0,0,0,0,0,0.0,0
103,20,4,22,35,26,0,0,0,0,0,0,0,0,0.0,0
104,17,0,106,35,29,0,0,0,0,0,0,0,0,0.0,0
104,16,3,87,35,86,4,3,2,432,4,5,310,432,0.0,0
104,18,4,179,35,149,3,3,1,366,3,4,244,366,0.0,0
104,17,1,173,35,137,0,0,0,0,0,0,0,0,0.0,0
105,21,1,6,35,63,39,3,4,3238,43,44,26870,3550,4.0,0
105,22,4,6,35,86,0,0,0,0,0,0,0,0,0.0,0
106,21,4,6,35,86,0,0,0,0,0,0,0,0,0.0,0
106,18,1,6,35,55,7,5,5,630,7,8,508,630,0.0,0
106,19,3,87,35,23,18,13,4,3381,24,22,14656,3851,6.0,0
106,19,1,72,35,86,54,3,5,5078,60,61,68512,5512,6.0,0
106,22,1,185,35,20,0,0,0,0,0,0,0,0,0.0,0
107,23,1,6,35,86,6,3,2,564,6,4,244,564,0.0,0
108,21,0,159,35,20,0,0,0,0,0,0,0,0,0.0,0
108,23,4,90,35,81,9,0,3,1481,13,12,1327,1773,4.0,0
108,18,4,159,35,142,28,20,1,4422,36,34,44454,4982,8.0,0
109,20,0,106,35,29,0,0,0,0,0,0,0,0,0.0,0
109,18,4,183,35,32,0,0,0,0,0,0,0,0,0.0,0
110,15,0,15,35,34,8,4,3,822,12,13,1527,1178,4.0,0
111,22,1,13,24,110,13,1,7,1524,17,12,1603,1844,4.0,0
112,19,0,159,39,26,0,0,0,0,0,0,0,0,0.0,0
113,18,1,6,35,55,0,0,0,0,0,0,0,0,0.0,0
113,21,0,75,35,55,7,6,3,606,7,9,595,606,0.0,0
114,23,4,110,35,30,4,2,3,396,4,4,246,396,0.0,0
114,19,1,110,6,160,15,4,7,1062,15,11,702,1062,0.0,0
115,18,1,83,35,86,0,0,0,0,0,0,0,0,0.0,0
115,20,1,6,35,86,13,3,3,1984,19,18,2183,2484,6.0,0
115,19,0,159,35,86,47,10,10,4284,53,41,28130,4772,6.0,0
116,18,3,87,6,100,24,0,4,2314,28,38,43123,2616,4.0,0
116,18,1,6,35,63,23,17,8,1970,27,26,2183,2262,4.0,0
118,28,1,159,35,20,10,2,6,970,14,11,1484,1298,4.0,0
118,23,4,111,35,20,30,3,6,2624,34,33,30904,2904,4.0,0
120,20,3,87,35,81,73,0,3,5466,77,78,97306,5774,4.0,0
120,20,1,6,35,55,15,2,6,1692,19,18,1627,2012,4.0,0
122,22,1,6,11,17,0,0,0,0,0,2,124,0,0.0,1
122,23,1,6,11,17,0,0,0,0,0,2,124,0,0.0,1
122,23,1,93,35,13,23,18,8,2126,23,20,1272,2126,0.0,0
123,24,1,6,11,17,0,0,0,0,0,3,186,0,0.0,1
123,25,1,6,11,17,0,0,0,0,0,2,124,0,0.0,1
123,18,1,6,35,55,0,0,0,0,0,0,0,0,0.0,0
123,24,1,159,35,81,95,89,9,7556,99,157,244958,7848,4.0,0
123,21,1,6,35,20,11,0,2,1344,15,13,1927,1652,4.0,0
124,23,1,6,11,17,0,0,0,0,0,3,186,0,0.0,1
124,24,1,6,11,17,0,0,0,0,0,2,124,0,0.0,1
125,20,4,159,35,26,46,37,6,4871,50,56,81223,5159,4.0,0
126,25,1,6,11,17,0,0,0,0,0,2,124,0,0.0,1
126,24,1,6,11,17,0,0,0,0,0,2,124,0,0.0,1
126,23,1,6,11,17,0,0,0,0,0,2,124,0,0.0,1
126,25,1,6,11,17,0,0,0,0,0,3,186,0,0.0,1
126,22,4,82,35,42,7,0,2,985,13,12,1496,1433,6.0,0
126,19,4,52,7,158,10,0,4,1368,16,15,3046,1850,6.0,0
129,25,1,6,11,17,0,0,0,0,0,2,124,0,0.0,1
129,18,1,6,35,55,9,3,5,702,9,4,244,702,0.0,0
131,36,0,110,35,149,16,5,6,1020,16,8,508,1020,0.0,1
132,26,1,6,11,17,0,0,0,0,0,3,186,0,0.0,1
132,27,1,6,11,17,1,1,1,90,1,4,354,90,0.0,1
134,24,1,6,11,17,0,0,0,0,0,2,124,0,0.0,1
135,26,1,6,11,17,0,0,0,0,0,3,186,0,0.0,1
135,27,1,6,11,17,0,0,0,0,0,2,124,0,0.0,1
137,25,2,13,35,13,0,0,0,0,0,0,0,0,0.0,0
140,26,1,6,11,17,0,0,0,0,0,3,186,0,0.0,1
141,27,1,6,11,17,0,0,0,0,0,3,186,0,0.0,1
141,24,1,1,35,20,31,7,6,3925,39,35,21489,4535,8.0,0
141,30,1,188,35,13,14,2,6,1649,16,19,14395,1789,2.0,0
142,22,0,23,35,42,70,2,6,5398,74,68,137144,5740,4.0,0
143,26,1,6,11,17,0,0,0,0,0,2,124,0,0.0,1
143,27,1,6,11,17,0,0,0,0,0,2,124,0,0.0,1
143,22,0,4,35,29,6,5,2,564,6,7,442,564,0.0,0
145,26,1,6,11,17,0,0,0,0,0,2,124,0,0.0,1
145,27,1,6,11,17,0,0,0,0,0,3,186,0,0.0,1
145,29,1,6,11,17,0,0,0,0,0,2,124,0,0.0,1
146,27,1,6,11,17,0,0,0,0,0,3,186,0,0.0,1
146,28,1,6,11,17,0,0,0,0,0,2,124,0,0.0,1
146,24,1,159,35,13,29,20,8,4167,33,33,3181,4499,4.0,0
150,26,1,6,11,17,0,0,0,0,0,3,186,0,0.0,1
151,29,1,6,11,17,0,0,0,0,0,3,186,0,0.0,1
156,31,1,6,11,17,1,1,1,90,1,5,416,90,0.0,1
169,25,4,110,4,91,6,3,4,552,6,9,564,552,0.0,0
170,17,1,6,11,17,0,0,0,0,0,2,124,0,0.0,1
173,34,1,6,11,17,1,1,1,90,1,5,416,90,0.0,1
178,16,1,6,11,17,0,0,0,0,0,3,186,0,0.0,1
183,29,0,91,35,86,22,2,7,2062,30,26,8161,2742,8.0,0
194,17,1,6,11,17,0,0,0,0,0,3,186,0,0.0,1
194,16,1,6,11,17,0,0,0,0,0,3,186,0,0.0,1
198,17,1,6,11,17,0,0,0,0,0,2,124,0,0.0,1
201,34,4,25,35,32,83,2,6,6631,87,89,132181,6945,4.0,0
234,34,0,110,35,20,0,0,0,0,0,0,0,0,0.0,0
249,40,4,92,35,155,19,6,11,2314,25,28,3039,2776,6.0,0
